engine,version,renderer,runId,sceneId,scenario,metric,unit,sample,value
Atlas,1c2e54b3b8df+bench,SVG,timing-2026-10-07T06-44-06.261Z,mixed-5000-seed-41544c53,load,load_promise_ms_n,count,0,5
Atlas,1c2e54b3b8df+bench,SVG,timing-2026-10-07T06-44-06.261Z,mixed-5000-seed-41544c53,load,load_promise_ms_median,ms,0,38.1
Atlas,1c2e54b3b8df+bench,SVG,timing-2026-10-07T06-44-06.261Z,mixed-5000-seed-41544c53,load,load_promise_ms_p95,ms,0,40.3
Atlas,1c2e54b3b8df+bench,SVG,timing-2026-10-07T06-44-06.261Z,mixed-5000-seed-41544c53,load,load_promise_ms_max,ms,0,40.3
Atlas,1c2e54b3b8df+bench,SVG,timing-2026-10-07T06-44-06.261Z,mixed-5000-seed-41544c53,load,create_to_raf_opportunities_ms_n,count,0,5
Atlas,1c2e54b3b8df+bench,SVG,timing-2026-10-07T06-44-06.261Z,mixed-5000-seed-41544c53,load,create_to_raf_opportunities_ms_median,ms,0,139.6
Atlas,1c2e54b3b8df+bench,SVG,timing-2026-10-07T06-44-06.261Z,mixed-5000-seed-41544c53,load,create_to_raf_opportunities_ms_p95,ms,0,171.8
Atlas,1c2e54b3b8df+bench,SVG,timing-2026-10-07T06-44-06.261Z,mixed-5000-seed-41544c53,load,create_to_raf_opportunities_ms_max,ms,0,171.8
Atlas,1c2e54b3b8df+bench,SVG,timing-2026-10-07T06-44-06.261Z,mixed-5000-seed-41544c53,load,semantic_roots_n,count,0,5
Atlas,1c2e54b3b8df+bench,SVG,timing-2026-10-07T06-44-06.261Z,mixed-5000-seed-41544c53,load,semantic_roots_median,count,0,5000.0
Atlas,1c2e54b3b8df+bench,SVG,timing-2026-10-07T06-44-06.261Z,mixed-5000-seed-41544c53,load,semantic_roots_p95,count,0,5000.0
Atlas,1c2e54b3b8df+bench,SVG,timing-2026-10-07T06-44-06.261Z,mixed-5000-seed-41544c53,load,semantic_roots_max,count,0,5000.0
Atlas,1c2e54b3b8df+bench,SVG,timing-2026-10-07T06-44-06.261Z,mixed-5000-seed-41544c53,load,owned_points_n,count,0,5
Atlas,1c2e54b3b8df+bench,SVG,timing-2026-10-07T06-44-06.261Z,mixed-5000-seed-41544c53,load,owned_points_median,count,0,8996.0
Atlas,1c2e54b3b8df+bench,SVG,timing-2026-10-07T06-44-06.261Z,mixed-5000-seed-41544c53,load,owned_points_p95,count,0,8996.0
Atlas,1c2e54b3b8df+bench,SVG,timing-2026-10-07T06-44-06.261Z,mixed-5000-seed-41544c53,load,owned_points_max,count,0,8996.0
Atlas,1c2e54b3b8df+bench,SVG,timing-2026-10-07T06-44-06.261Z,mixed-5000-seed-41544c53,load,visual_primitives_n,count,0,5
Atlas,1c2e54b3b8df+bench,SVG,timing-2026-10-07T06-44-06.261Z,mixed-5000-seed-41544c53,load,visual_primitives_median,count,0,11996.0
Atlas,1c2e54b3b8df+bench,SVG,timing-2026-10-07T06-44-06.261Z,mixed-5000-seed-41544c53,load,visual_primitives_p95,count,0,11996.0
Atlas,1c2e54b3b8df+bench,SVG,timing-2026-10-07T06-44-06.261Z,mixed-5000-seed-41544c53,load,visual_primitives_max,count,0,11996.0
Atlas,1c2e54b3b8df+bench,SVG,timing-2026-10-07T06-44-06.261Z,mixed-5000-seed-41544c53,load,svg_element_nodes_n,count,0,5
Atlas,1c2e54b3b8df+bench,SVG,timing-2026-10-07T06-44-06.261Z,mixed-5000-seed-41544c53,load,svg_element_nodes_median,count,0,23994.0
Atlas,1c2e54b3b8df+bench,SVG,timing-2026-10-07T06-44-06.261Z,mixed-5000-seed-41544c53,load,svg_element_nodes_p95,count,0,23994.0
Atlas,1c2e54b3b8df+bench,SVG,timing-2026-10-07T06-44-06.261Z,mixed-5000-seed-41544c53,load,svg_element_nodes_max,count,0,23994.0
Atlas,1c2e54b3b8df+bench,SVG,timing-2026-10-07T06-44-06.261Z,mixed-5000-seed-41544c53,load,shadow_element_nodes_n,count,0,5
Atlas,1c2e54b3b8df+bench,SVG,timing-2026-10-07T06-44-06.261Z,mixed-5000-seed-41544c53,load,shadow_element_nodes_median,count,0,23995.0
Atlas,1c2e54b3b8df+bench,SVG,timing-2026-10-07T06-44-06.261Z,mixed-5000-seed-41544c53,load,shadow_element_nodes_p95,count,0,23995.0
Atlas,1c2e54b3b8df+bench,SVG,timing-2026-10-07T06-44-06.261Z,mixed-5000-seed-41544c53,load,shadow_element_nodes_max,count,0,23995.0
Atlas,1c2e54b3b8df+bench,SVG,timing-2026-10-07T06-44-06.261Z,mixed-5000-seed-41544c53,load,shadow_dom_nodes_n,count,0,5
Atlas,1c2e54b3b8df+bench,SVG,timing-2026-10-07T06-44-06.261Z,mixed-5000-seed-41544c53,load,shadow_dom_nodes_median,count,0,23998.0
Atlas,1c2e54b3b8df+bench,SVG,timing-2026-10-07T06-44-06.261Z,mixed-5000-seed-41544c53,load,shadow_dom_nodes_p95,count,0,23998.0
Atlas,1c2e54b3b8df+bench,SVG,timing-2026-10-07T06-44-06.261Z,mixed-5000-seed-41544c53,load,shadow_dom_nodes_max,count,0,23998.0
Atlas,1c2e54b3b8df+bench,SVG,timing-2026-10-07T06-44-06.261Z,mixed-5000-seed-41544c53,pan,frame_interval_ms_n,count,0,219
Atlas,1c2e54b3b8df+bench,SVG,timing-2026-10-07T06-44-06.261Z,mixed-5000-seed-41544c53,pan,frame_interval_ms_median,ms,0,33.3
Atlas,1c2e54b3b8df+bench,SVG,timing-2026-10-07T06-44-06.261Z,mixed-5000-seed-41544c53,pan,frame_interval_ms_p95,ms,0,50.0
Atlas,1c2e54b3b8df+bench,SVG,timing-2026-10-07T06-44-06.261Z,mixed-5000-seed-41544c53,pan,frame_interval_ms_max,ms,0,66.7
Atlas,1c2e54b3b8df+bench,SVG,timing-2026-10-07T06-44-06.261Z,mixed-5000-seed-41544c53,pan,camera_api_sync_ms_n,count,0,219
Atlas,1c2e54b3b8df+bench,SVG,timing-2026-10-07T06-44-06.261Z,mixed-5000-seed-41544c53,pan,camera_api_sync_ms_median,ms,0,0.0
Atlas,1c2e54b3b8df+bench,SVG,timing-2026-10-07T06-44-06.261Z,mixed-5000-seed-41544c53,pan,camera_api_sync_ms_p95,ms,0,0.1
Atlas,1c2e54b3b8df+bench,SVG,timing-2026-10-07T06-44-06.261Z,mixed-5000-seed-41544c53,pan,camera_api_sync_ms_max,ms,0,3.0
Atlas,1c2e54b3b8df+bench,SVG,timing-2026-10-07T06-44-06.261Z,mixed-5000-seed-41544c53,pan,motion_elapsed_ms_n,count,0,5
Atlas,1c2e54b3b8df+bench,SVG,timing-2026-10-07T06-44-06.261Z,mixed-5000-seed-41544c53,pan,motion_elapsed_ms_median,ms,0,1516.6
Atlas,1c2e54b3b8df+bench,SVG,timing-2026-10-07T06-44-06.261Z,mixed-5000-seed-41544c53,pan,motion_elapsed_ms_p95,ms,0,1533.3
Atlas,1c2e54b3b8df+bench,SVG,timing-2026-10-07T06-44-06.261Z,mixed-5000-seed-41544c53,pan,motion_elapsed_ms_max,ms,0,1533.3
Atlas,1c2e54b3b8df+bench,SVG,timing-2026-10-07T06-44-06.261Z,mixed-5000-seed-41544c53,pan,camera_updates_n,count,0,5
Atlas,1c2e54b3b8df+bench,SVG,timing-2026-10-07T06-44-06.261Z,mixed-5000-seed-41544c53,pan,camera_updates_median,count,0,44.0
Atlas,1c2e54b3b8df+bench,SVG,timing-2026-10-07T06-44-06.261Z,mixed-5000-seed-41544c53,pan,camera_updates_p95,count,0,44.0
Atlas,1c2e54b3b8df+bench,SVG,timing-2026-10-07T06-44-06.261Z,mixed-5000-seed-41544c53,pan,camera_updates_max,count,0,44.0
Atlas,1c2e54b3b8df+bench,SVG,timing-2026-10-07T06-44-06.261Z,mixed-5000-seed-41544c53,zoom,frame_interval_ms_n,count,0,203
Atlas,1c2e54b3b8df+bench,SVG,timing-2026-10-07T06-44-06.261Z,mixed-5000-seed-41544c53,zoom,frame_interval_ms_median,ms,0,33.3
Atlas,1c2e54b3b8df+bench,SVG,timing-2026-10-07T06-44-06.261Z,mixed-5000-seed-41544c53,zoom,frame_interval_ms_p95,ms,0,50.1
Atlas,1c2e54b3b8df+bench,SVG,timing-2026-10-07T06-44-06.261Z,mixed-5000-seed-41544c53,zoom,frame_interval_ms_max,ms,0,183.3
Atlas,1c2e54b3b8df+bench,SVG,timing-2026-10-07T06-44-06.261Z,mixed-5000-seed-41544c53,zoom,camera_api_sync_ms_n,count,0,203
Atlas,1c2e54b3b8df+bench,SVG,timing-2026-10-07T06-44-06.261Z,mixed-5000-seed-41544c53,zoom,camera_api_sync_ms_median,ms,0,0.0
Atlas,1c2e54b3b8df+bench,SVG,timing-2026-10-07T06-44-06.261Z,mixed-5000-seed-41544c53,zoom,camera_api_sync_ms_p95,ms,0,0.1
Atlas,1c2e54b3b8df+bench,SVG,timing-2026-10-07T06-44-06.261Z,mixed-5000-seed-41544c53,zoom,camera_api_sync_ms_max,ms,0,0.1
Atlas,1c2e54b3b8df+bench,SVG,timing-2026-10-07T06-44-06.261Z,mixed-5000-seed-41544c53,zoom,motion_elapsed_ms_n,count,0,5
Atlas,1c2e54b3b8df+bench,SVG,timing-2026-10-07T06-44-06.261Z,mixed-5000-seed-41544c53,zoom,motion_elapsed_ms_median,ms,0,1516.7
Atlas,1c2e54b3b8df+bench,SVG,timing-2026-10-07T06-44-06.261Z,mixed-5000-seed-41544c53,zoom,motion_elapsed_ms_p95,ms,0,1533.2
Atlas,1c2e54b3b8df+bench,SVG,timing-2026-10-07T06-44-06.261Z,mixed-5000-seed-41544c53,zoom,motion_elapsed_ms_max,ms,0,1533.2
Atlas,1c2e54b3b8df+bench,SVG,timing-2026-10-07T06-44-06.261Z,mixed-5000-seed-41544c53,zoom,camera_updates_n,count,0,5
Atlas,1c2e54b3b8df+bench,SVG,timing-2026-10-07T06-44-06.261Z,mixed-5000-seed-41544c53,zoom,camera_updates_median,count,0,44.0
Atlas,1c2e54b3b8df+bench,SVG,timing-2026-10-07T06-44-06.261Z,mixed-5000-seed-41544c53,zoom,camera_updates_p95,count,0,45.0
Atlas,1c2e54b3b8df+bench,SVG,timing-2026-10-07T06-44-06.261Z,mixed-5000-seed-41544c53,zoom,camera_updates_max,count,0,45.0
Atlas,1c2e54b3b8df+bench,SVG,timing-2026-10-07T06-44-06.261Z,mixed-5000-seed-41544c53,hit,spatial_hit_test_sync_ms_n,count,0,1000
Atlas,1c2e54b3b8df+bench,SVG,timing-2026-10-07T06-44-06.261Z,mixed-5000-seed-41544c53,hit,spatial_hit_test_sync_ms_median,ms,0,0.0
Atlas,1c2e54b3b8df+bench,SVG,timing-2026-10-07T06-44-06.261Z,mixed-5000-seed-41544c53,hit,spatial_hit_test_sync_ms_p95,ms,0,0.0
Atlas,1c2e54b3b8df+bench,SVG,timing-2026-10-07T06-44-06.261Z,mixed-5000-seed-41544c53,hit,spatial_hit_test_sync_ms_max,ms,0,0.1
Atlas,1c2e54b3b8df+bench,SVG,timing-2026-10-07T06-44-06.261Z,mixed-5000-seed-41544c53,miss,spatial_hit_test_sync_ms_n,count,0,1000
Atlas,1c2e54b3b8df+bench,SVG,timing-2026-10-07T06-44-06.261Z,mixed-5000-seed-41544c53,miss,spatial_hit_test_sync_ms_median,ms,0,3.8
Atlas,1c2e54b3b8df+bench,SVG,timing-2026-10-07T06-44-06.261Z,mixed-5000-seed-41544c53,miss,spatial_hit_test_sync_ms_p95,ms,0,4.5
Atlas,1c2e54b3b8df+bench,SVG,timing-2026-10-07T06-44-06.261Z,mixed-5000-seed-41544c53,miss,spatial_hit_test_sync_ms_max,ms,0,12.2
Atlas,1c2e54b3b8df+bench,SVG,timing-2026-10-07T06-44-06.261Z,mixed-5000-seed-41544c53,position-single,operation_sync_ms_n,count,0,5
Atlas,1c2e54b3b8df+bench,SVG,timing-2026-10-07T06-44-06.261Z,mixed-5000-seed-41544c53,position-single,operation_sync_ms_median,ms,0,0.0
Atlas,1c2e54b3b8df+bench,SVG,timing-2026-10-07T06-44-06.261Z,mixed-5000-seed-41544c53,position-single,operation_sync_ms_p95,ms,0,0.1
Atlas,1c2e54b3b8df+bench,SVG,timing-2026-10-07T06-44-06.261Z,mixed-5000-seed-41544c53,position-single,operation_sync_ms_max,ms,0,0.1
Atlas,1c2e54b3b8df+bench,SVG,timing-2026-10-07T06-44-06.261Z,mixed-5000-seed-41544c53,position-single,operation_to_raf_opportunities_ms_n,count,0,5
Atlas,1c2e54b3b8df+bench,SVG,timing-2026-10-07T06-44-06.261Z,mixed-5000-seed-41544c53,position-single,operation_to_raf_opportunities_ms_median,ms,0,14.8
Atlas,1c2e54b3b8df+bench,SVG,timing-2026-10-07T06-44-06.261Z,mixed-5000-seed-41544c53,position-single,operation_to_raf_opportunities_ms_p95,ms,0,29.1
Atlas,1c2e54b3b8df+bench,SVG,timing-2026-10-07T06-44-06.261Z,mixed-5000-seed-41544c53,position-single,operation_to_raf_opportunities_ms_max,ms,0,29.1
Atlas,1c2e54b3b8df+bench,SVG,timing-2026-10-07T06-44-06.261Z,mixed-5000-seed-41544c53,position-series,operation_sync_ms_n,count,0,5
Atlas,1c2e54b3b8df+bench,SVG,timing-2026-10-07T06-44-06.261Z,mixed-5000-seed-41544c53,position-series,operation_sync_ms_median,ms,0,0.1
Atlas,1c2e54b3b8df+bench,SVG,timing-2026-10-07T06-44-06.261Z,mixed-5000-seed-41544c53,position-series,operation_sync_ms_p95,ms,0,0.2
Atlas,1c2e54b3b8df+bench,SVG,timing-2026-10-07T06-44-06.261Z,mixed-5000-seed-41544c53,position-series,operation_sync_ms_max,ms,0,0.2
Atlas,1c2e54b3b8df+bench,SVG,timing-2026-10-07T06-44-06.261Z,mixed-5000-seed-41544c53,position-series,operation_to_raf_opportunities_ms_n,count,0,5
Atlas,1c2e54b3b8df+bench,SVG,timing-2026-10-07T06-44-06.261Z,mixed-5000-seed-41544c53,position-series,operation_to_raf_opportunities_ms_median,ms,0,23.8
Atlas,1c2e54b3b8df+bench,SVG,timing-2026-10-07T06-44-06.261Z,mixed-5000-seed-41544c53,position-series,operation_to_raf_opportunities_ms_p95,ms,0,59.4
Atlas,1c2e54b3b8df+bench,SVG,timing-2026-10-07T06-44-06.261Z,mixed-5000-seed-41544c53,position-series,operation_to_raf_opportunities_ms_max,ms,0,59.4
Atlas,1c2e54b3b8df+bench,SVG,timing-2026-10-07T06-44-06.261Z,mixed-5000-seed-41544c53,add-100,operation_sync_ms_n,count,0,5
Atlas,1c2e54b3b8df+bench,SVG,timing-2026-10-07T06-44-06.261Z,mixed-5000-seed-41544c53,add-100,operation_sync_ms_median,ms,0,13.5
Atlas,1c2e54b3b8df+bench,SVG,timing-2026-10-07T06-44-06.261Z,mixed-5000-seed-41544c53,add-100,operation_sync_ms_p95,ms,0,14.4
Atlas,1c2e54b3b8df+bench,SVG,timing-2026-10-07T06-44-06.261Z,mixed-5000-seed-41544c53,add-100,operation_sync_ms_max,ms,0,14.4
Atlas,1c2e54b3b8df+bench,SVG,timing-2026-10-07T06-44-06.261Z,mixed-5000-seed-41544c53,add-100,cumulative_operation_ms_n,count,0,5
Atlas,1c2e54b3b8df+bench,SVG,timing-2026-10-07T06-44-06.261Z,mixed-5000-seed-41544c53,add-100,cumulative_operation_ms_median,ms,0,13.5
Atlas,1c2e54b3b8df+bench,SVG,timing-2026-10-07T06-44-06.261Z,mixed-5000-seed-41544c53,add-100,cumulative_operation_ms_p95,ms,0,14.4
Atlas,1c2e54b3b8df+bench,SVG,timing-2026-10-07T06-44-06.261Z,mixed-5000-seed-41544c53,add-100,cumulative_operation_ms_max,ms,0,14.4
Atlas,1c2e54b3b8df+bench,SVG,timing-2026-10-07T06-44-06.261Z,mixed-5000-seed-41544c53,add-100,operation_to_raf_opportunities_ms_n,count,0,5
Atlas,1c2e54b3b8df+bench,SVG,timing-2026-10-07T06-44-06.261Z,mixed-5000-seed-41544c53,add-100,operation_to_raf_opportunities_ms_median,ms,0,36.2
Atlas,1c2e54b3b8df+bench,SVG,timing-2026-10-07T06-44-06.261Z,mixed-5000-seed-41544c53,add-100,operation_to_raf_opportunities_ms_p95,ms,0,43.8
Atlas,1c2e54b3b8df+bench,SVG,timing-2026-10-07T06-44-06.261Z,mixed-5000-seed-41544c53,add-100,operation_to_raf_opportunities_ms_max,ms,0,43.8
Atlas,1c2e54b3b8df+bench,SVG,timing-2026-10-07T06-44-06.261Z,mixed-5000-seed-41544c53,add-500,operation_sync_ms_n,count,0,5
Atlas,1c2e54b3b8df+bench,SVG,timing-2026-10-07T06-44-06.261Z,mixed-5000-seed-41544c53,add-500,operation_sync_ms_median,ms,0,31.2
Atlas,1c2e54b3b8df+bench,SVG,timing-2026-10-07T06-44-06.261Z,mixed-5000-seed-41544c53,add-500,operation_sync_ms_p95,ms,0,34.9
Atlas,1c2e54b3b8df+bench,SVG,timing-2026-10-07T06-44-06.261Z,mixed-5000-seed-41544c53,add-500,operation_sync_ms_max,ms,0,34.9
Atlas,1c2e54b3b8df+bench,SVG,timing-2026-10-07T06-44-06.261Z,mixed-5000-seed-41544c53,add-500,cumulative_operation_ms_n,count,0,25
Atlas,1c2e54b3b8df+bench,SVG,timing-2026-10-07T06-44-06.261Z,mixed-5000-seed-41544c53,add-500,cumulative_operation_ms_median,ms,0,22.6
Atlas,1c2e54b3b8df+bench,SVG,timing-2026-10-07T06-44-06.261Z,mixed-5000-seed-41544c53,add-500,cumulative_operation_ms_p95,ms,0,32.6
Atlas,1c2e54b3b8df+bench,SVG,timing-2026-10-07T06-44-06.261Z,mixed-5000-seed-41544c53,add-500,cumulative_operation_ms_max,ms,0,34.9
Atlas,1c2e54b3b8df+bench,SVG,timing-2026-10-07T06-44-06.261Z,mixed-5000-seed-41544c53,add-500,operation_to_raf_opportunities_ms_n,count,0,5
Atlas,1c2e54b3b8df+bench,SVG,timing-2026-10-07T06-44-06.261Z,mixed-5000-seed-41544c53,add-500,operation_to_raf_opportunities_ms_median,ms,0,55.9
Atlas,1c2e54b3b8df+bench,SVG,timing-2026-10-07T06-44-06.261Z,mixed-5000-seed-41544c53,add-500,operation_to_raf_opportunities_ms_p95,ms,0,63.6
Atlas,1c2e54b3b8df+bench,SVG,timing-2026-10-07T06-44-06.261Z,mixed-5000-seed-41544c53,add-500,operation_to_raf_opportunities_ms_max,ms,0,63.6
Atlas,1c2e54b3b8df+bench,SVG,timing-2026-10-07T06-44-06.261Z,mixed-5000-seed-41544c53,add-1000,operation_sync_ms_n,count,0,5
Atlas,1c2e54b3b8df+bench,SVG,timing-2026-10-07T06-44-06.261Z,mixed-5000-seed-41544c53,add-1000,operation_sync_ms_median,ms,0,51.7
Atlas,1c2e54b3b8df+bench,SVG,timing-2026-10-07T06-44-06.261Z,mixed-5000-seed-41544c53,add-1000,operation_sync_ms_p95,ms,0,62.1
Atlas,1c2e54b3b8df+bench,SVG,timing-2026-10-07T06-44-06.261Z,mixed-5000-seed-41544c53,add-1000,operation_sync_ms_max,ms,0,62.1
Atlas,1c2e54b3b8df+bench,SVG,timing-2026-10-07T06-44-06.261Z,mixed-5000-seed-41544c53,add-1000,cumulative_operation_ms_n,count,0,50
Atlas,1c2e54b3b8df+bench,SVG,timing-2026-10-07T06-44-06.261Z,mixed-5000-seed-41544c53,add-1000,cumulative_operation_ms_median,ms,0,33.7
Atlas,1c2e54b3b8df+bench,SVG,timing-2026-10-07T06-44-06.261Z,mixed-5000-seed-41544c53,add-1000,cumulative_operation_ms_p95,ms,0,52.8
Atlas,1c2e54b3b8df+bench,SVG,timing-2026-10-07T06-44-06.261Z,mixed-5000-seed-41544c53,add-1000,cumulative_operation_ms_max,ms,0,62.1
Atlas,1c2e54b3b8df+bench,SVG,timing-2026-10-07T06-44-06.261Z,mixed-5000-seed-41544c53,add-1000,operation_to_raf_opportunities_ms_n,count,0,5
Atlas,1c2e54b3b8df+bench,SVG,timing-2026-10-07T06-44-06.261Z,mixed-5000-seed-41544c53,add-1000,operation_to_raf_opportunities_ms_median,ms,0,82.9
Atlas,1c2e54b3b8df+bench,SVG,timing-2026-10-07T06-44-06.261Z,mixed-5000-seed-41544c53,add-1000,operation_to_raf_opportunities_ms_p95,ms,0,90.7
Atlas,1c2e54b3b8df+bench,SVG,timing-2026-10-07T06-44-06.261Z,mixed-5000-seed-41544c53,add-1000,operation_to_raf_opportunities_ms_max,ms,0,90.7
Atlas,1c2e54b3b8df+bench,SVG,timing-2026-10-07T06-44-06.261Z,mixed-5000-seed-41544c53,remove-100,operation_sync_ms_n,count,0,5
Atlas,1c2e54b3b8df+bench,SVG,timing-2026-10-07T06-44-06.261Z,mixed-5000-seed-41544c53,remove-100,operation_sync_ms_median,ms,0,26.2
Atlas,1c2e54b3b8df+bench,SVG,timing-2026-10-07T06-44-06.261Z,mixed-5000-seed-41544c53,remove-100,operation_sync_ms_p95,ms,0,28.4
Atlas,1c2e54b3b8df+bench,SVG,timing-2026-10-07T06-44-06.261Z,mixed-5000-seed-41544c53,remove-100,operation_sync_ms_max,ms,0,28.4
Atlas,1c2e54b3b8df+bench,SVG,timing-2026-10-07T06-44-06.261Z,mixed-5000-seed-41544c53,remove-100,cumulative_operation_ms_n,count,0,5
Atlas,1c2e54b3b8df+bench,SVG,timing-2026-10-07T06-44-06.261Z,mixed-5000-seed-41544c53,remove-100,cumulative_operation_ms_median,ms,0,26.2
Atlas,1c2e54b3b8df+bench,SVG,timing-2026-10-07T06-44-06.261Z,mixed-5000-seed-41544c53,remove-100,cumulative_operation_ms_p95,ms,0,28.4
Atlas,1c2e54b3b8df+bench,SVG,timing-2026-10-07T06-44-06.261Z,mixed-5000-seed-41544c53,remove-100,cumulative_operation_ms_max,ms,0,28.4
Atlas,1c2e54b3b8df+bench,SVG,timing-2026-10-07T06-44-06.261Z,mixed-5000-seed-41544c53,remove-100,operation_to_raf_opportunities_ms_n,count,0,5
Atlas,1c2e54b3b8df+bench,SVG,timing-2026-10-07T06-44-06.261Z,mixed-5000-seed-41544c53,remove-100,operation_to_raf_opportunities_ms_median,ms,0,47.7
Atlas,1c2e54b3b8df+bench,SVG,timing-2026-10-07T06-44-06.261Z,mixed-5000-seed-41544c53,remove-100,operation_to_raf_opportunities_ms_p95,ms,0,60.9
Atlas,1c2e54b3b8df+bench,SVG,timing-2026-10-07T06-44-06.261Z,mixed-5000-seed-41544c53,remove-100,operation_to_raf_opportunities_ms_max,ms,0,60.9
Atlas,1c2e54b3b8df+bench,SVG,timing-2026-10-07T06-44-06.261Z,mixed-5000-seed-41544c53,remove-500,operation_sync_ms_n,count,0,5
Atlas,1c2e54b3b8df+bench,SVG,timing-2026-10-07T06-44-06.261Z,mixed-5000-seed-41544c53,remove-500,operation_sync_ms_median,ms,0,90.1
Atlas,1c2e54b3b8df+bench,SVG,timing-2026-10-07T06-44-06.261Z,mixed-5000-seed-41544c53,remove-500,operation_sync_ms_p95,ms,0,95.3
Atlas,1c2e54b3b8df+bench,SVG,timing-2026-10-07T06-44-06.261Z,mixed-5000-seed-41544c53,remove-500,operation_sync_ms_max,ms,0,95.3
Atlas,1c2e54b3b8df+bench,SVG,timing-2026-10-07T06-44-06.261Z,mixed-5000-seed-41544c53,remove-500,cumulative_operation_ms_n,count,0,25
Atlas,1c2e54b3b8df+bench,SVG,timing-2026-10-07T06-44-06.261Z,mixed-5000-seed-41544c53,remove-500,cumulative_operation_ms_median,ms,0,59.8
Atlas,1c2e54b3b8df+bench,SVG,timing-2026-10-07T06-44-06.261Z,mixed-5000-seed-41544c53,remove-500,cumulative_operation_ms_p95,ms,0,91.3
Atlas,1c2e54b3b8df+bench,SVG,timing-2026-10-07T06-44-06.261Z,mixed-5000-seed-41544c53,remove-500,cumulative_operation_ms_max,ms,0,95.3
Atlas,1c2e54b3b8df+bench,SVG,timing-2026-10-07T06-44-06.261Z,mixed-5000-seed-41544c53,remove-500,operation_to_raf_opportunities_ms_n,count,0,5
Atlas,1c2e54b3b8df+bench,SVG,timing-2026-10-07T06-44-06.261Z,mixed-5000-seed-41544c53,remove-500,operation_to_raf_opportunities_ms_median,ms,0,106.9
Atlas,1c2e54b3b8df+bench,SVG,timing-2026-10-07T06-44-06.261Z,mixed-5000-seed-41544c53,remove-500,operation_to_raf_opportunities_ms_p95,ms,0,126.2
Atlas,1c2e54b3b8df+bench,SVG,timing-2026-10-07T06-44-06.261Z,mixed-5000-seed-41544c53,remove-500,operation_to_raf_opportunities_ms_max,ms,0,126.2
Atlas,1c2e54b3b8df+bench,SVG,timing-2026-10-07T06-44-06.261Z,mixed-5000-seed-41544c53,remove-1000,operation_sync_ms_n,count,0,5
Atlas,1c2e54b3b8df+bench,SVG,timing-2026-10-07T06-44-06.261Z,mixed-5000-seed-41544c53,remove-1000,operation_sync_ms_median,ms,0,159.6
Atlas,1c2e54b3b8df+bench,SVG,timing-2026-10-07T06-44-06.261Z,mixed-5000-seed-41544c53,remove-1000,operation_sync_ms_p95,ms,0,184.6
Atlas,1c2e54b3b8df+bench,SVG,timing-2026-10-07T06-44-06.261Z,mixed-5000-seed-41544c53,remove-1000,operation_sync_ms_max,ms,0,184.6
Atlas,1c2e54b3b8df+bench,SVG,timing-2026-10-07T06-44-06.261Z,mixed-5000-seed-41544c53,remove-1000,cumulative_operation_ms_n,count,0,50
Atlas,1c2e54b3b8df+bench,SVG,timing-2026-10-07T06-44-06.261Z,mixed-5000-seed-41544c53,remove-1000,cumulative_operation_ms_median,ms,0,100.65
Atlas,1c2e54b3b8df+bench,SVG,timing-2026-10-07T06-44-06.261Z,mixed-5000-seed-41544c53,remove-1000,cumulative_operation_ms_p95,ms,0,163.2
Atlas,1c2e54b3b8df+bench,SVG,timing-2026-10-07T06-44-06.261Z,mixed-5000-seed-41544c53,remove-1000,cumulative_operation_ms_max,ms,0,184.6
Atlas,1c2e54b3b8df+bench,SVG,timing-2026-10-07T06-44-06.261Z,mixed-5000-seed-41544c53,remove-1000,operation_to_raf_opportunities_ms_n,count,0,5
Atlas,1c2e54b3b8df+bench,SVG,timing-2026-10-07T06-44-06.261Z,mixed-5000-seed-41544c53,remove-1000,operation_to_raf_opportunities_ms_median,ms,0,180.6
Atlas,1c2e54b3b8df+bench,SVG,timing-2026-10-07T06-44-06.261Z,mixed-5000-seed-41544c53,remove-1000,operation_to_raf_opportunities_ms_p95,ms,0,206.3
Atlas,1c2e54b3b8df+bench,SVG,timing-2026-10-07T06-44-06.261Z,mixed-5000-seed-41544c53,remove-1000,operation_to_raf_opportunities_ms_max,ms,0,206.3
Atlas,1c2e54b3b8df+bench,SVG,timing-2026-10-07T06-44-06.261Z,mixed-5000-seed-41544c53,route-update,operation_sync_ms_n,count,0,5
Atlas,1c2e54b3b8df+bench,SVG,timing-2026-10-07T06-44-06.261Z,mixed-5000-seed-41544c53,route-update,operation_sync_ms_median,ms,0,0.0
Atlas,1c2e54b3b8df+bench,SVG,timing-2026-10-07T06-44-06.261Z,mixed-5000-seed-41544c53,route-update,operation_sync_ms_p95,ms,0,0.1
Atlas,1c2e54b3b8df+bench,SVG,timing-2026-10-07T06-44-06.261Z,mixed-5000-seed-41544c53,route-update,operation_sync_ms_max,ms,0,0.1
Atlas,1c2e54b3b8df+bench,SVG,timing-2026-10-07T06-44-06.261Z,mixed-5000-seed-41544c53,route-update,operation_to_raf_opportunities_ms_n,count,0,5
Atlas,1c2e54b3b8df+bench,SVG,timing-2026-10-07T06-44-06.261Z,mixed-5000-seed-41544c53,route-update,operation_to_raf_opportunities_ms_median,ms,0,20.4
Atlas,1c2e54b3b8df+bench,SVG,timing-2026-10-07T06-44-06.261Z,mixed-5000-seed-41544c53,route-update,operation_to_raf_opportunities_ms_p95,ms,0,39.1
Atlas,1c2e54b3b8df+bench,SVG,timing-2026-10-07T06-44-06.261Z,mixed-5000-seed-41544c53,route-update,operation_to_raf_opportunities_ms_max,ms,0,39.1
Atlas,1c2e54b3b8df+bench,SVG,timing-2026-10-07T06-44-06.261Z,mixed-5000-seed-41544c53,wheel-input,synthetic_wheel_dispatch_sync_ms_n,count,0,50
Atlas,1c2e54b3b8df+bench,SVG,timing-2026-10-07T06-44-06.261Z,mixed-5000-seed-41544c53,wheel-input,synthetic_wheel_dispatch_sync_ms_median,ms,0,0.0
Atlas,1c2e54b3b8df+bench,SVG,timing-2026-10-07T06-44-06.261Z,mixed-5000-seed-41544c53,wheel-input,synthetic_wheel_dispatch_sync_ms_p95,ms,0,0.1
Atlas,1c2e54b3b8df+bench,SVG,timing-2026-10-07T06-44-06.261Z,mixed-5000-seed-41544c53,wheel-input,synthetic_wheel_dispatch_sync_ms_max,ms,0,0.4
Atlas,1c2e54b3b8df+bench,SVG,timing-2026-10-07T06-44-06.261Z,mixed-3000-seed-41544c53,load,load_promise_ms_n,count,0,5
Atlas,1c2e54b3b8df+bench,SVG,timing-2026-10-07T06-44-06.261Z,mixed-3000-seed-41544c53,load,load_promise_ms_median,ms,0,21.4
Atlas,1c2e54b3b8df+bench,SVG,timing-2026-10-07T06-44-06.261Z,mixed-3000-seed-41544c53,load,load_promise_ms_p95,ms,0,31.1
Atlas,1c2e54b3b8df+bench,SVG,timing-2026-10-07T06-44-06.261Z,mixed-3000-seed-41544c53,load,load_promise_ms_max,ms,0,31.1
Atlas,1c2e54b3b8df+bench,SVG,timing-2026-10-07T06-44-06.261Z,mixed-3000-seed-41544c53,load,create_to_raf_opportunities_ms_n,count,0,5
Atlas,1c2e54b3b8df+bench,SVG,timing-2026-10-07T06-44-06.261Z,mixed-3000-seed-41544c53,load,create_to_raf_opportunities_ms_median,ms,0,98.1
Atlas,1c2e54b3b8df+bench,SVG,timing-2026-10-07T06-44-06.261Z,mixed-3000-seed-41544c53,load,create_to_raf_opportunities_ms_p95,ms,0,115.6
Atlas,1c2e54b3b8df+bench,SVG,timing-2026-10-07T06-44-06.261Z,mixed-3000-seed-41544c53,load,create_to_raf_opportunities_ms_max,ms,0,115.6
Atlas,1c2e54b3b8df+bench,SVG,timing-2026-10-07T06-44-06.261Z,mixed-3000-seed-41544c53,load,semantic_roots_n,count,0,5
Atlas,1c2e54b3b8df+bench,SVG,timing-2026-10-07T06-44-06.261Z,mixed-3000-seed-41544c53,load,semantic_roots_median,count,0,3000.0
Atlas,1c2e54b3b8df+bench,SVG,timing-2026-10-07T06-44-06.261Z,mixed-3000-seed-41544c53,load,semantic_roots_p95,count,0,3000.0
Atlas,1c2e54b3b8df+bench,SVG,timing-2026-10-07T06-44-06.261Z,mixed-3000-seed-41544c53,load,semantic_roots_max,count,0,3000.0
Atlas,1c2e54b3b8df+bench,SVG,timing-2026-10-07T06-44-06.261Z,mixed-3000-seed-41544c53,load,owned_points_n,count,0,5
Atlas,1c2e54b3b8df+bench,SVG,timing-2026-10-07T06-44-06.261Z,mixed-3000-seed-41544c53,load,owned_points_median,count,0,5400.0
Atlas,1c2e54b3b8df+bench,SVG,timing-2026-10-07T06-44-06.261Z,mixed-3000-seed-41544c53,load,owned_points_p95,count,0,5400.0
Atlas,1c2e54b3b8df+bench,SVG,timing-2026-10-07T06-44-06.261Z,mixed-3000-seed-41544c53,load,owned_points_max,count,0,5400.0
Atlas,1c2e54b3b8df+bench,SVG,timing-2026-10-07T06-44-06.261Z,mixed-3000-seed-41544c53,load,visual_primitives_n,count,0,5
Atlas,1c2e54b3b8df+bench,SVG,timing-2026-10-07T06-44-06.261Z,mixed-3000-seed-41544c53,load,visual_primitives_median,count,0,7200.0
Atlas,1c2e54b3b8df+bench,SVG,timing-2026-10-07T06-44-06.261Z,mixed-3000-seed-41544c53,load,visual_primitives_p95,count,0,7200.0
Atlas,1c2e54b3b8df+bench,SVG,timing-2026-10-07T06-44-06.261Z,mixed-3000-seed-41544c53,load,visual_primitives_max,count,0,7200.0
Atlas,1c2e54b3b8df+bench,SVG,timing-2026-10-07T06-44-06.261Z,mixed-3000-seed-41544c53,load,svg_element_nodes_n,count,0,5
Atlas,1c2e54b3b8df+bench,SVG,timing-2026-10-07T06-44-06.261Z,mixed-3000-seed-41544c53,load,svg_element_nodes_median,count,0,14402.0
Atlas,1c2e54b3b8df+bench,SVG,timing-2026-10-07T06-44-06.261Z,mixed-3000-seed-41544c53,load,svg_element_nodes_p95,count,0,14402.0
Atlas,1c2e54b3b8df+bench,SVG,timing-2026-10-07T06-44-06.261Z,mixed-3000-seed-41544c53,load,svg_element_nodes_max,count,0,14402.0
Atlas,1c2e54b3b8df+bench,SVG,timing-2026-10-07T06-44-06.261Z,mixed-3000-seed-41544c53,load,shadow_element_nodes_n,count,0,5
Atlas,1c2e54b3b8df+bench,SVG,timing-2026-10-07T06-44-06.261Z,mixed-3000-seed-41544c53,load,shadow_element_nodes_median,count,0,14403.0
Atlas,1c2e54b3b8df+bench,SVG,timing-2026-10-07T06-44-06.261Z,mixed-3000-seed-41544c53,load,shadow_element_nodes_p95,count,0,14403.0
Atlas,1c2e54b3b8df+bench,SVG,timing-2026-10-07T06-44-06.261Z,mixed-3000-seed-41544c53,load,shadow_element_nodes_max,count,0,14403.0
Atlas,1c2e54b3b8df+bench,SVG,timing-2026-10-07T06-44-06.261Z,mixed-3000-seed-41544c53,load,shadow_dom_nodes_n,count,0,5
Atlas,1c2e54b3b8df+bench,SVG,timing-2026-10-07T06-44-06.261Z,mixed-3000-seed-41544c53,load,shadow_dom_nodes_median,count,0,14406.0
Atlas,1c2e54b3b8df+bench,SVG,timing-2026-10-07T06-44-06.261Z,mixed-3000-seed-41544c53,load,shadow_dom_nodes_p95,count,0,14406.0
Atlas,1c2e54b3b8df+bench,SVG,timing-2026-10-07T06-44-06.261Z,mixed-3000-seed-41544c53,load,shadow_dom_nodes_max,count,0,14406.0
Atlas,1c2e54b3b8df+bench,SVG,timing-2026-10-07T06-44-06.261Z,mixed-3000-seed-41544c53,pan,frame_interval_ms_n,count,0,323
Atlas,1c2e54b3b8df+bench,SVG,timing-2026-10-07T06-44-06.261Z,mixed-3000-seed-41544c53,pan,frame_interval_ms_median,ms,0,16.7
Atlas,1c2e54b3b8df+bench,SVG,timing-2026-10-07T06-44-06.261Z,mixed-3000-seed-41544c53,pan,frame_interval_ms_p95,ms,0,33.4
Atlas,1c2e54b3b8df+bench,SVG,timing-2026-10-07T06-44-06.261Z,mixed-3000-seed-41544c53,pan,frame_interval_ms_max,ms,0,150.0
Atlas,1c2e54b3b8df+bench,SVG,timing-2026-10-07T06-44-06.261Z,mixed-3000-seed-41544c53,pan,camera_api_sync_ms_n,count,0,323
Atlas,1c2e54b3b8df+bench,SVG,timing-2026-10-07T06-44-06.261Z,mixed-3000-seed-41544c53,pan,camera_api_sync_ms_median,ms,0,0.0
Atlas,1c2e54b3b8df+bench,SVG,timing-2026-10-07T06-44-06.261Z,mixed-3000-seed-41544c53,pan,camera_api_sync_ms_p95,ms,0,0.1
Atlas,1c2e54b3b8df+bench,SVG,timing-2026-10-07T06-44-06.261Z,mixed-3000-seed-41544c53,pan,camera_api_sync_ms_max,ms,0,11.4
Atlas,1c2e54b3b8df+bench,SVG,timing-2026-10-07T06-44-06.261Z,mixed-3000-seed-41544c53,pan,motion_elapsed_ms_n,count,0,5
Atlas,1c2e54b3b8df+bench,SVG,timing-2026-10-07T06-44-06.261Z,mixed-3000-seed-41544c53,pan,motion_elapsed_ms_median,ms,0,1516.5
Atlas,1c2e54b3b8df+bench,SVG,timing-2026-10-07T06-44-06.261Z,mixed-3000-seed-41544c53,pan,motion_elapsed_ms_p95,ms,0,1516.6
Atlas,1c2e54b3b8df+bench,SVG,timing-2026-10-07T06-44-06.261Z,mixed-3000-seed-41544c53,pan,motion_elapsed_ms_max,ms,0,1516.6
Atlas,1c2e54b3b8df+bench,SVG,timing-2026-10-07T06-44-06.261Z,mixed-3000-seed-41544c53,pan,camera_updates_n,count,0,5
Atlas,1c2e54b3b8df+bench,SVG,timing-2026-10-07T06-44-06.261Z,mixed-3000-seed-41544c53,pan,camera_updates_median,count,0,64.0
Atlas,1c2e54b3b8df+bench,SVG,timing-2026-10-07T06-44-06.261Z,mixed-3000-seed-41544c53,pan,camera_updates_p95,count,0,69.0
Atlas,1c2e54b3b8df+bench,SVG,timing-2026-10-07T06-44-06.261Z,mixed-3000-seed-41544c53,pan,camera_updates_max,count,0,69.0
Atlas,1c2e54b3b8df+bench,SVG,timing-2026-10-07T06-44-06.261Z,mixed-3000-seed-41544c53,zoom,frame_interval_ms_n,count,0,376
Atlas,1c2e54b3b8df+bench,SVG,timing-2026-10-07T06-44-06.261Z,mixed-3000-seed-41544c53,zoom,frame_interval_ms_median,ms,0,16.7
Atlas,1c2e54b3b8df+bench,SVG,timing-2026-10-07T06-44-06.261Z,mixed-3000-seed-41544c53,zoom,frame_interval_ms_p95,ms,0,33.4
Atlas,1c2e54b3b8df+bench,SVG,timing-2026-10-07T06-44-06.261Z,mixed-3000-seed-41544c53,zoom,frame_interval_ms_max,ms,0,83.3
Atlas,1c2e54b3b8df+bench,SVG,timing-2026-10-07T06-44-06.261Z,mixed-3000-seed-41544c53,zoom,camera_api_sync_ms_n,count,0,376
Atlas,1c2e54b3b8df+bench,SVG,timing-2026-10-07T06-44-06.261Z,mixed-3000-seed-41544c53,zoom,camera_api_sync_ms_median,ms,0,0.0
Atlas,1c2e54b3b8df+bench,SVG,timing-2026-10-07T06-44-06.261Z,mixed-3000-seed-41544c53,zoom,camera_api_sync_ms_p95,ms,0,0.1
Atlas,1c2e54b3b8df+bench,SVG,timing-2026-10-07T06-44-06.261Z,mixed-3000-seed-41544c53,zoom,camera_api_sync_ms_max,ms,0,0.2
Atlas,1c2e54b3b8df+bench,SVG,timing-2026-10-07T06-44-06.261Z,mixed-3000-seed-41544c53,zoom,motion_elapsed_ms_n,count,0,5
Atlas,1c2e54b3b8df+bench,SVG,timing-2026-10-07T06-44-06.261Z,mixed-3000-seed-41544c53,zoom,motion_elapsed_ms_median,ms,0,1516.6
Atlas,1c2e54b3b8df+bench,SVG,timing-2026-10-07T06-44-06.261Z,mixed-3000-seed-41544c53,zoom,motion_elapsed_ms_p95,ms,0,1533.2
Atlas,1c2e54b3b8df+bench,SVG,timing-2026-10-07T06-44-06.261Z,mixed-3000-seed-41544c53,zoom,motion_elapsed_ms_max,ms,0,1533.2
Atlas,1c2e54b3b8df+bench,SVG,timing-2026-10-07T06-44-06.261Z,mixed-3000-seed-41544c53,zoom,camera_updates_n,count,0,5
Atlas,1c2e54b3b8df+bench,SVG,timing-2026-10-07T06-44-06.261Z,mixed-3000-seed-41544c53,zoom,camera_updates_median,count,0,75.0
Atlas,1c2e54b3b8df+bench,SVG,timing-2026-10-07T06-44-06.261Z,mixed-3000-seed-41544c53,zoom,camera_updates_p95,count,0,76.0
Atlas,1c2e54b3b8df+bench,SVG,timing-2026-10-07T06-44-06.261Z,mixed-3000-seed-41544c53,zoom,camera_updates_max,count,0,76.0
Atlas,1c2e54b3b8df+bench,SVG,timing-2026-10-07T06-44-06.261Z,mixed-3000-seed-41544c53,hit,spatial_hit_test_sync_ms_n,count,0,1000
Atlas,1c2e54b3b8df+bench,SVG,timing-2026-10-07T06-44-06.261Z,mixed-3000-seed-41544c53,hit,spatial_hit_test_sync_ms_median,ms,0,0.0
Atlas,1c2e54b3b8df+bench,SVG,timing-2026-10-07T06-44-06.261Z,mixed-3000-seed-41544c53,hit,spatial_hit_test_sync_ms_p95,ms,0,0.0
Atlas,1c2e54b3b8df+bench,SVG,timing-2026-10-07T06-44-06.261Z,mixed-3000-seed-41544c53,hit,spatial_hit_test_sync_ms_max,ms,0,0.1
Atlas,1c2e54b3b8df+bench,SVG,timing-2026-10-07T06-44-06.261Z,mixed-3000-seed-41544c53,miss,spatial_hit_test_sync_ms_n,count,0,1000
Atlas,1c2e54b3b8df+bench,SVG,timing-2026-10-07T06-44-06.261Z,mixed-3000-seed-41544c53,miss,spatial_hit_test_sync_ms_median,ms,0,2.3
Atlas,1c2e54b3b8df+bench,SVG,timing-2026-10-07T06-44-06.261Z,mixed-3000-seed-41544c53,miss,spatial_hit_test_sync_ms_p95,ms,0,2.5
Atlas,1c2e54b3b8df+bench,SVG,timing-2026-10-07T06-44-06.261Z,mixed-3000-seed-41544c53,miss,spatial_hit_test_sync_ms_max,ms,0,15.4
Atlas,1c2e54b3b8df+bench,SVG,timing-2026-10-07T06-44-06.261Z,mixed-3000-seed-41544c53,position-single,operation_sync_ms_n,count,0,5
Atlas,1c2e54b3b8df+bench,SVG,timing-2026-10-07T06-44-06.261Z,mixed-3000-seed-41544c53,position-single,operation_sync_ms_median,ms,0,0.0
Atlas,1c2e54b3b8df+bench,SVG,timing-2026-10-07T06-44-06.261Z,mixed-3000-seed-41544c53,position-single,operation_sync_ms_p95,ms,0,0.1
Atlas,1c2e54b3b8df+bench,SVG,timing-2026-10-07T06-44-06.261Z,mixed-3000-seed-41544c53,position-single,operation_sync_ms_max,ms,0,0.1
Atlas,1c2e54b3b8df+bench,SVG,timing-2026-10-07T06-44-06.261Z,mixed-3000-seed-41544c53,position-single,operation_to_raf_opportunities_ms_n,count,0,5
Atlas,1c2e54b3b8df+bench,SVG,timing-2026-10-07T06-44-06.261Z,mixed-3000-seed-41544c53,position-single,operation_to_raf_opportunities_ms_median,ms,0,15.8
Atlas,1c2e54b3b8df+bench,SVG,timing-2026-10-07T06-44-06.261Z,mixed-3000-seed-41544c53,position-single,operation_to_raf_opportunities_ms_p95,ms,0,30.2
Atlas,1c2e54b3b8df+bench,SVG,timing-2026-10-07T06-44-06.261Z,mixed-3000-seed-41544c53,position-single,operation_to_raf_opportunities_ms_max,ms,0,30.2
Atlas,1c2e54b3b8df+bench,SVG,timing-2026-10-07T06-44-06.261Z,mixed-3000-seed-41544c53,position-series,operation_sync_ms_n,count,0,5
Atlas,1c2e54b3b8df+bench,SVG,timing-2026-10-07T06-44-06.261Z,mixed-3000-seed-41544c53,position-series,operation_sync_ms_median,ms,0,0.1
Atlas,1c2e54b3b8df+bench,SVG,timing-2026-10-07T06-44-06.261Z,mixed-3000-seed-41544c53,position-series,operation_sync_ms_p95,ms,0,0.2
Atlas,1c2e54b3b8df+bench,SVG,timing-2026-10-07T06-44-06.261Z,mixed-3000-seed-41544c53,position-series,operation_sync_ms_max,ms,0,0.2
Atlas,1c2e54b3b8df+bench,SVG,timing-2026-10-07T06-44-06.261Z,mixed-3000-seed-41544c53,position-series,operation_to_raf_opportunities_ms_n,count,0,5
Atlas,1c2e54b3b8df+bench,SVG,timing-2026-10-07T06-44-06.261Z,mixed-3000-seed-41544c53,position-series,operation_to_raf_opportunities_ms_median,ms,0,14.2
Atlas,1c2e54b3b8df+bench,SVG,timing-2026-10-07T06-44-06.261Z,mixed-3000-seed-41544c53,position-series,operation_to_raf_opportunities_ms_p95,ms,0,25.4
Atlas,1c2e54b3b8df+bench,SVG,timing-2026-10-07T06-44-06.261Z,mixed-3000-seed-41544c53,position-series,operation_to_raf_opportunities_ms_max,ms,0,25.4
Atlas,1c2e54b3b8df+bench,SVG,timing-2026-10-07T06-44-06.261Z,mixed-3000-seed-41544c53,add-100,operation_sync_ms_n,count,0,5
Atlas,1c2e54b3b8df+bench,SVG,timing-2026-10-07T06-44-06.261Z,mixed-3000-seed-41544c53,add-100,operation_sync_ms_median,ms,0,2.6
Atlas,1c2e54b3b8df+bench,SVG,timing-2026-10-07T06-44-06.261Z,mixed-3000-seed-41544c53,add-100,operation_sync_ms_p95,ms,0,2.6
Atlas,1c2e54b3b8df+bench,SVG,timing-2026-10-07T06-44-06.261Z,mixed-3000-seed-41544c53,add-100,operation_sync_ms_max,ms,0,2.6
Atlas,1c2e54b3b8df+bench,SVG,timing-2026-10-07T06-44-06.261Z,mixed-3000-seed-41544c53,add-100,cumulative_operation_ms_n,count,0,5
Atlas,1c2e54b3b8df+bench,SVG,timing-2026-10-07T06-44-06.261Z,mixed-3000-seed-41544c53,add-100,cumulative_operation_ms_median,ms,0,2.6
Atlas,1c2e54b3b8df+bench,SVG,timing-2026-10-07T06-44-06.261Z,mixed-3000-seed-41544c53,add-100,cumulative_operation_ms_p95,ms,0,2.6
Atlas,1c2e54b3b8df+bench,SVG,timing-2026-10-07T06-44-06.261Z,mixed-3000-seed-41544c53,add-100,cumulative_operation_ms_max,ms,0,2.6
Atlas,1c2e54b3b8df+bench,SVG,timing-2026-10-07T06-44-06.261Z,mixed-3000-seed-41544c53,add-100,operation_to_raf_opportunities_ms_n,count,0,5
Atlas,1c2e54b3b8df+bench,SVG,timing-2026-10-07T06-44-06.261Z,mixed-3000-seed-41544c53,add-100,operation_to_raf_opportunities_ms_median,ms,0,22.8
Atlas,1c2e54b3b8df+bench,SVG,timing-2026-10-07T06-44-06.261Z,mixed-3000-seed-41544c53,add-100,operation_to_raf_opportunities_ms_p95,ms,0,28.0
Atlas,1c2e54b3b8df+bench,SVG,timing-2026-10-07T06-44-06.261Z,mixed-3000-seed-41544c53,add-100,operation_to_raf_opportunities_ms_max,ms,0,28.0
Atlas,1c2e54b3b8df+bench,SVG,timing-2026-10-07T06-44-06.261Z,mixed-3000-seed-41544c53,add-500,operation_sync_ms_n,count,0,5
Atlas,1c2e54b3b8df+bench,SVG,timing-2026-10-07T06-44-06.261Z,mixed-3000-seed-41544c53,add-500,operation_sync_ms_median,ms,0,23.7
Atlas,1c2e54b3b8df+bench,SVG,timing-2026-10-07T06-44-06.261Z,mixed-3000-seed-41544c53,add-500,operation_sync_ms_p95,ms,0,24.8
Atlas,1c2e54b3b8df+bench,SVG,timing-2026-10-07T06-44-06.261Z,mixed-3000-seed-41544c53,add-500,operation_sync_ms_max,ms,0,24.8
Atlas,1c2e54b3b8df+bench,SVG,timing-2026-10-07T06-44-06.261Z,mixed-3000-seed-41544c53,add-500,cumulative_operation_ms_n,count,0,25
Atlas,1c2e54b3b8df+bench,SVG,timing-2026-10-07T06-44-06.261Z,mixed-3000-seed-41544c53,add-500,cumulative_operation_ms_median,ms,0,13.4
Atlas,1c2e54b3b8df+bench,SVG,timing-2026-10-07T06-44-06.261Z,mixed-3000-seed-41544c53,add-500,cumulative_operation_ms_p95,ms,0,24.0
Atlas,1c2e54b3b8df+bench,SVG,timing-2026-10-07T06-44-06.261Z,mixed-3000-seed-41544c53,add-500,cumulative_operation_ms_max,ms,0,24.8
Atlas,1c2e54b3b8df+bench,SVG,timing-2026-10-07T06-44-06.261Z,mixed-3000-seed-41544c53,add-500,operation_to_raf_opportunities_ms_n,count,0,5
Atlas,1c2e54b3b8df+bench,SVG,timing-2026-10-07T06-44-06.261Z,mixed-3000-seed-41544c53,add-500,operation_to_raf_opportunities_ms_median,ms,0,44.8
Atlas,1c2e54b3b8df+bench,SVG,timing-2026-10-07T06-44-06.261Z,mixed-3000-seed-41544c53,add-500,operation_to_raf_opportunities_ms_p95,ms,0,48.1
Atlas,1c2e54b3b8df+bench,SVG,timing-2026-10-07T06-44-06.261Z,mixed-3000-seed-41544c53,add-500,operation_to_raf_opportunities_ms_max,ms,0,48.1
Atlas,1c2e54b3b8df+bench,SVG,timing-2026-10-07T06-44-06.261Z,mixed-3000-seed-41544c53,add-1000,operation_sync_ms_n,count,0,5
Atlas,1c2e54b3b8df+bench,SVG,timing-2026-10-07T06-44-06.261Z,mixed-3000-seed-41544c53,add-1000,operation_sync_ms_median,ms,0,36.4
Atlas,1c2e54b3b8df+bench,SVG,timing-2026-10-07T06-44-06.261Z,mixed-3000-seed-41544c53,add-1000,operation_sync_ms_p95,ms,0,38.8
Atlas,1c2e54b3b8df+bench,SVG,timing-2026-10-07T06-44-06.261Z,mixed-3000-seed-41544c53,add-1000,operation_sync_ms_max,ms,0,38.8
Atlas,1c2e54b3b8df+bench,SVG,timing-2026-10-07T06-44-06.261Z,mixed-3000-seed-41544c53,add-1000,cumulative_operation_ms_n,count,0,50
Atlas,1c2e54b3b8df+bench,SVG,timing-2026-10-07T06-44-06.261Z,mixed-3000-seed-41544c53,add-1000,cumulative_operation_ms_median,ms,0,22.65
Atlas,1c2e54b3b8df+bench,SVG,timing-2026-10-07T06-44-06.261Z,mixed-3000-seed-41544c53,add-1000,cumulative_operation_ms_p95,ms,0,36.4
Atlas,1c2e54b3b8df+bench,SVG,timing-2026-10-07T06-44-06.261Z,mixed-3000-seed-41544c53,add-1000,cumulative_operation_ms_max,ms,0,38.8
Atlas,1c2e54b3b8df+bench,SVG,timing-2026-10-07T06-44-06.261Z,mixed-3000-seed-41544c53,add-1000,operation_to_raf_opportunities_ms_n,count,0,5
Atlas,1c2e54b3b8df+bench,SVG,timing-2026-10-07T06-44-06.261Z,mixed-3000-seed-41544c53,add-1000,operation_to_raf_opportunities_ms_median,ms,0,55.1
Atlas,1c2e54b3b8df+bench,SVG,timing-2026-10-07T06-44-06.261Z,mixed-3000-seed-41544c53,add-1000,operation_to_raf_opportunities_ms_p95,ms,0,87.8
Atlas,1c2e54b3b8df+bench,SVG,timing-2026-10-07T06-44-06.261Z,mixed-3000-seed-41544c53,add-1000,operation_to_raf_opportunities_ms_max,ms,0,87.8
Atlas,1c2e54b3b8df+bench,SVG,timing-2026-10-07T06-44-06.261Z,mixed-3000-seed-41544c53,remove-100,operation_sync_ms_n,count,0,5
Atlas,1c2e54b3b8df+bench,SVG,timing-2026-10-07T06-44-06.261Z,mixed-3000-seed-41544c53,remove-100,operation_sync_ms_median,ms,0,16.1
Atlas,1c2e54b3b8df+bench,SVG,timing-2026-10-07T06-44-06.261Z,mixed-3000-seed-41544c53,remove-100,operation_sync_ms_p95,ms,0,17.1
Atlas,1c2e54b3b8df+bench,SVG,timing-2026-10-07T06-44-06.261Z,mixed-3000-seed-41544c53,remove-100,operation_sync_ms_max,ms,0,17.1
Atlas,1c2e54b3b8df+bench,SVG,timing-2026-10-07T06-44-06.261Z,mixed-3000-seed-41544c53,remove-100,cumulative_operation_ms_n,count,0,5
Atlas,1c2e54b3b8df+bench,SVG,timing-2026-10-07T06-44-06.261Z,mixed-3000-seed-41544c53,remove-100,cumulative_operation_ms_median,ms,0,16.1
Atlas,1c2e54b3b8df+bench,SVG,timing-2026-10-07T06-44-06.261Z,mixed-3000-seed-41544c53,remove-100,cumulative_operation_ms_p95,ms,0,17.1
Atlas,1c2e54b3b8df+bench,SVG,timing-2026-10-07T06-44-06.261Z,mixed-3000-seed-41544c53,remove-100,cumulative_operation_ms_max,ms,0,17.1
Atlas,1c2e54b3b8df+bench,SVG,timing-2026-10-07T06-44-06.261Z,mixed-3000-seed-41544c53,remove-100,operation_to_raf_opportunities_ms_n,count,0,5
Atlas,1c2e54b3b8df+bench,SVG,timing-2026-10-07T06-44-06.261Z,mixed-3000-seed-41544c53,remove-100,operation_to_raf_opportunities_ms_median,ms,0,37.8
Atlas,1c2e54b3b8df+bench,SVG,timing-2026-10-07T06-44-06.261Z,mixed-3000-seed-41544c53,remove-100,operation_to_raf_opportunities_ms_p95,ms,0,45.6
Atlas,1c2e54b3b8df+bench,SVG,timing-2026-10-07T06-44-06.261Z,mixed-3000-seed-41544c53,remove-100,operation_to_raf_opportunities_ms_max,ms,0,45.6
Atlas,1c2e54b3b8df+bench,SVG,timing-2026-10-07T06-44-06.261Z,mixed-3000-seed-41544c53,remove-500,operation_sync_ms_n,count,0,5
Atlas,1c2e54b3b8df+bench,SVG,timing-2026-10-07T06-44-06.261Z,mixed-3000-seed-41544c53,remove-500,operation_sync_ms_median,ms,0,69.6
Atlas,1c2e54b3b8df+bench,SVG,timing-2026-10-07T06-44-06.261Z,mixed-3000-seed-41544c53,remove-500,operation_sync_ms_p95,ms,0,127.4
Atlas,1c2e54b3b8df+bench,SVG,timing-2026-10-07T06-44-06.261Z,mixed-3000-seed-41544c53,remove-500,operation_sync_ms_max,ms,0,127.4
Atlas,1c2e54b3b8df+bench,SVG,timing-2026-10-07T06-44-06.261Z,mixed-3000-seed-41544c53,remove-500,cumulative_operation_ms_n,count,0,25
Atlas,1c2e54b3b8df+bench,SVG,timing-2026-10-07T06-44-06.261Z,mixed-3000-seed-41544c53,remove-500,cumulative_operation_ms_median,ms,0,41.0
Atlas,1c2e54b3b8df+bench,SVG,timing-2026-10-07T06-44-06.261Z,mixed-3000-seed-41544c53,remove-500,cumulative_operation_ms_p95,ms,0,86.0
Atlas,1c2e54b3b8df+bench,SVG,timing-2026-10-07T06-44-06.261Z,mixed-3000-seed-41544c53,remove-500,cumulative_operation_ms_max,ms,0,127.4
Atlas,1c2e54b3b8df+bench,SVG,timing-2026-10-07T06-44-06.261Z,mixed-3000-seed-41544c53,remove-500,operation_to_raf_opportunities_ms_n,count,0,5
Atlas,1c2e54b3b8df+bench,SVG,timing-2026-10-07T06-44-06.261Z,mixed-3000-seed-41544c53,remove-500,operation_to_raf_opportunities_ms_median,ms,0,84.9
Atlas,1c2e54b3b8df+bench,SVG,timing-2026-10-07T06-44-06.261Z,mixed-3000-seed-41544c53,remove-500,operation_to_raf_opportunities_ms_p95,ms,0,145.4
Atlas,1c2e54b3b8df+bench,SVG,timing-2026-10-07T06-44-06.261Z,mixed-3000-seed-41544c53,remove-500,operation_to_raf_opportunities_ms_max,ms,0,145.4
Atlas,1c2e54b3b8df+bench,SVG,timing-2026-10-07T06-44-06.261Z,mixed-3000-seed-41544c53,remove-1000,operation_sync_ms_n,count,0,5
Atlas,1c2e54b3b8df+bench,SVG,timing-2026-10-07T06-44-06.261Z,mixed-3000-seed-41544c53,remove-1000,operation_sync_ms_median,ms,0,87.8
Atlas,1c2e54b3b8df+bench,SVG,timing-2026-10-07T06-44-06.261Z,mixed-3000-seed-41544c53,remove-1000,operation_sync_ms_p95,ms,0,90.8
Atlas,1c2e54b3b8df+bench,SVG,timing-2026-10-07T06-44-06.261Z,mixed-3000-seed-41544c53,remove-1000,operation_sync_ms_max,ms,0,90.8
Atlas,1c2e54b3b8df+bench,SVG,timing-2026-10-07T06-44-06.261Z,mixed-3000-seed-41544c53,remove-1000,cumulative_operation_ms_n,count,0,50
Atlas,1c2e54b3b8df+bench,SVG,timing-2026-10-07T06-44-06.261Z,mixed-3000-seed-41544c53,remove-1000,cumulative_operation_ms_median,ms,0,55.55
Atlas,1c2e54b3b8df+bench,SVG,timing-2026-10-07T06-44-06.261Z,mixed-3000-seed-41544c53,remove-1000,cumulative_operation_ms_p95,ms,0,87.8
Atlas,1c2e54b3b8df+bench,SVG,timing-2026-10-07T06-44-06.261Z,mixed-3000-seed-41544c53,remove-1000,cumulative_operation_ms_max,ms,0,90.8
Atlas,1c2e54b3b8df+bench,SVG,timing-2026-10-07T06-44-06.261Z,mixed-3000-seed-41544c53,remove-1000,operation_to_raf_opportunities_ms_n,count,0,5
Atlas,1c2e54b3b8df+bench,SVG,timing-2026-10-07T06-44-06.261Z,mixed-3000-seed-41544c53,remove-1000,operation_to_raf_opportunities_ms_median,ms,0,97.0
Atlas,1c2e54b3b8df+bench,SVG,timing-2026-10-07T06-44-06.261Z,mixed-3000-seed-41544c53,remove-1000,operation_to_raf_opportunities_ms_p95,ms,0,103.7
Atlas,1c2e54b3b8df+bench,SVG,timing-2026-10-07T06-44-06.261Z,mixed-3000-seed-41544c53,remove-1000,operation_to_raf_opportunities_ms_max,ms,0,103.7
Atlas,1c2e54b3b8df+bench,SVG,timing-2026-10-07T06-44-06.261Z,mixed-3000-seed-41544c53,route-update,operation_sync_ms_n,count,0,5
Atlas,1c2e54b3b8df+bench,SVG,timing-2026-10-07T06-44-06.261Z,mixed-3000-seed-41544c53,route-update,operation_sync_ms_median,ms,0,0.0
Atlas,1c2e54b3b8df+bench,SVG,timing-2026-10-07T06-44-06.261Z,mixed-3000-seed-41544c53,route-update,operation_sync_ms_p95,ms,0,0.1
Atlas,1c2e54b3b8df+bench,SVG,timing-2026-10-07T06-44-06.261Z,mixed-3000-seed-41544c53,route-update,operation_sync_ms_max,ms,0,0.1
Atlas,1c2e54b3b8df+bench,SVG,timing-2026-10-07T06-44-06.261Z,mixed-3000-seed-41544c53,route-update,operation_to_raf_opportunities_ms_n,count,0,5
Atlas,1c2e54b3b8df+bench,SVG,timing-2026-10-07T06-44-06.261Z,mixed-3000-seed-41544c53,route-update,operation_to_raf_opportunities_ms_median,ms,0,14.9
Atlas,1c2e54b3b8df+bench,SVG,timing-2026-10-07T06-44-06.261Z,mixed-3000-seed-41544c53,route-update,operation_to_raf_opportunities_ms_p95,ms,0,16.4
Atlas,1c2e54b3b8df+bench,SVG,timing-2026-10-07T06-44-06.261Z,mixed-3000-seed-41544c53,route-update,operation_to_raf_opportunities_ms_max,ms,0,16.4
Atlas,1c2e54b3b8df+bench,SVG,timing-2026-10-07T06-44-06.261Z,mixed-3000-seed-41544c53,wheel-input,synthetic_wheel_dispatch_sync_ms_n,count,0,50
Atlas,1c2e54b3b8df+bench,SVG,timing-2026-10-07T06-44-06.261Z,mixed-3000-seed-41544c53,wheel-input,synthetic_wheel_dispatch_sync_ms_median,ms,0,0.0
Atlas,1c2e54b3b8df+bench,SVG,timing-2026-10-07T06-44-06.261Z,mixed-3000-seed-41544c53,wheel-input,synthetic_wheel_dispatch_sync_ms_p95,ms,0,0.1
Atlas,1c2e54b3b8df+bench,SVG,timing-2026-10-07T06-44-06.261Z,mixed-3000-seed-41544c53,wheel-input,synthetic_wheel_dispatch_sync_ms_max,ms,0,0.2
Atlas,1c2e54b3b8df+bench,SVG,timing-2026-10-07T06-44-06.261Z,points-5000-seed-41544c53,load,load_promise_ms_n,count,0,5
Atlas,1c2e54b3b8df+bench,SVG,timing-2026-10-07T06-44-06.261Z,points-5000-seed-41544c53,load,load_promise_ms_median,ms,0,11.4
Atlas,1c2e54b3b8df+bench,SVG,timing-2026-10-07T06-44-06.261Z,points-5000-seed-41544c53,load,load_promise_ms_p95,ms,0,14.5
Atlas,1c2e54b3b8df+bench,SVG,timing-2026-10-07T06-44-06.261Z,points-5000-seed-41544c53,load,load_promise_ms_max,ms,0,14.5
Atlas,1c2e54b3b8df+bench,SVG,timing-2026-10-07T06-44-06.261Z,points-5000-seed-41544c53,load,create_to_raf_opportunities_ms_n,count,0,5
Atlas,1c2e54b3b8df+bench,SVG,timing-2026-10-07T06-44-06.261Z,points-5000-seed-41544c53,load,create_to_raf_opportunities_ms_median,ms,0,72.7
Atlas,1c2e54b3b8df+bench,SVG,timing-2026-10-07T06-44-06.261Z,points-5000-seed-41544c53,load,create_to_raf_opportunities_ms_p95,ms,0,77.8
Atlas,1c2e54b3b8df+bench,SVG,timing-2026-10-07T06-44-06.261Z,points-5000-seed-41544c53,load,create_to_raf_opportunities_ms_max,ms,0,77.8
Atlas,1c2e54b3b8df+bench,SVG,timing-2026-10-07T06-44-06.261Z,points-5000-seed-41544c53,load,semantic_roots_n,count,0,5
Atlas,1c2e54b3b8df+bench,SVG,timing-2026-10-07T06-44-06.261Z,points-5000-seed-41544c53,load,semantic_roots_median,count,0,5000.0
Atlas,1c2e54b3b8df+bench,SVG,timing-2026-10-07T06-44-06.261Z,points-5000-seed-41544c53,load,semantic_roots_p95,count,0,5000.0
Atlas,1c2e54b3b8df+bench,SVG,timing-2026-10-07T06-44-06.261Z,points-5000-seed-41544c53,load,semantic_roots_max,count,0,5000.0
Atlas,1c2e54b3b8df+bench,SVG,timing-2026-10-07T06-44-06.261Z,points-5000-seed-41544c53,load,owned_points_n,count,0,5
Atlas,1c2e54b3b8df+bench,SVG,timing-2026-10-07T06-44-06.261Z,points-5000-seed-41544c53,load,owned_points_median,count,0,0.0
Atlas,1c2e54b3b8df+bench,SVG,timing-2026-10-07T06-44-06.261Z,points-5000-seed-41544c53,load,owned_points_p95,count,0,0.0
Atlas,1c2e54b3b8df+bench,SVG,timing-2026-10-07T06-44-06.261Z,points-5000-seed-41544c53,load,owned_points_max,count,0,0.0
Atlas,1c2e54b3b8df+bench,SVG,timing-2026-10-07T06-44-06.261Z,points-5000-seed-41544c53,load,visual_primitives_n,count,0,5
Atlas,1c2e54b3b8df+bench,SVG,timing-2026-10-07T06-44-06.261Z,points-5000-seed-41544c53,load,visual_primitives_median,count,0,5000.0
Atlas,1c2e54b3b8df+bench,SVG,timing-2026-10-07T06-44-06.261Z,points-5000-seed-41544c53,load,visual_primitives_p95,count,0,5000.0
Atlas,1c2e54b3b8df+bench,SVG,timing-2026-10-07T06-44-06.261Z,points-5000-seed-41544c53,load,visual_primitives_max,count,0,5000.0
Atlas,1c2e54b3b8df+bench,SVG,timing-2026-10-07T06-44-06.261Z,points-5000-seed-41544c53,load,svg_element_nodes_n,count,0,5
Atlas,1c2e54b3b8df+bench,SVG,timing-2026-10-07T06-44-06.261Z,points-5000-seed-41544c53,load,svg_element_nodes_median,count,0,10002.0
Atlas,1c2e54b3b8df+bench,SVG,timing-2026-10-07T06-44-06.261Z,points-5000-seed-41544c53,load,svg_element_nodes_p95,count,0,10002.0
Atlas,1c2e54b3b8df+bench,SVG,timing-2026-10-07T06-44-06.261Z,points-5000-seed-41544c53,load,svg_element_nodes_max,count,0,10002.0
Atlas,1c2e54b3b8df+bench,SVG,timing-2026-10-07T06-44-06.261Z,points-5000-seed-41544c53,load,shadow_element_nodes_n,count,0,5
Atlas,1c2e54b3b8df+bench,SVG,timing-2026-10-07T06-44-06.261Z,points-5000-seed-41544c53,load,shadow_element_nodes_median,count,0,10003.0
Atlas,1c2e54b3b8df+bench,SVG,timing-2026-10-07T06-44-06.261Z,points-5000-seed-41544c53,load,shadow_element_nodes_p95,count,0,10003.0
Atlas,1c2e54b3b8df+bench,SVG,timing-2026-10-07T06-44-06.261Z,points-5000-seed-41544c53,load,shadow_element_nodes_max,count,0,10003.0
Atlas,1c2e54b3b8df+bench,SVG,timing-2026-10-07T06-44-06.261Z,points-5000-seed-41544c53,load,shadow_dom_nodes_n,count,0,5
Atlas,1c2e54b3b8df+bench,SVG,timing-2026-10-07T06-44-06.261Z,points-5000-seed-41544c53,load,shadow_dom_nodes_median,count,0,10006.0
Atlas,1c2e54b3b8df+bench,SVG,timing-2026-10-07T06-44-06.261Z,points-5000-seed-41544c53,load,shadow_dom_nodes_p95,count,0,10006.0
Atlas,1c2e54b3b8df+bench,SVG,timing-2026-10-07T06-44-06.261Z,points-5000-seed-41544c53,load,shadow_dom_nodes_max,count,0,10006.0
Atlas,1c2e54b3b8df+bench,SVG,timing-2026-10-07T06-44-06.261Z,points-5000-seed-41544c53,pan,frame_interval_ms_n,count,0,445
Atlas,1c2e54b3b8df+bench,SVG,timing-2026-10-07T06-44-06.261Z,points-5000-seed-41544c53,pan,frame_interval_ms_median,ms,0,16.7
Atlas,1c2e54b3b8df+bench,SVG,timing-2026-10-07T06-44-06.261Z,points-5000-seed-41544c53,pan,frame_interval_ms_p95,ms,0,16.7
Atlas,1c2e54b3b8df+bench,SVG,timing-2026-10-07T06-44-06.261Z,points-5000-seed-41544c53,pan,frame_interval_ms_max,ms,0,83.4
Atlas,1c2e54b3b8df+bench,SVG,timing-2026-10-07T06-44-06.261Z,points-5000-seed-41544c53,pan,camera_api_sync_ms_n,count,0,445
Atlas,1c2e54b3b8df+bench,SVG,timing-2026-10-07T06-44-06.261Z,points-5000-seed-41544c53,pan,camera_api_sync_ms_median,ms,0,0.0
Atlas,1c2e54b3b8df+bench,SVG,timing-2026-10-07T06-44-06.261Z,points-5000-seed-41544c53,pan,camera_api_sync_ms_p95,ms,0,0.1
Atlas,1c2e54b3b8df+bench,SVG,timing-2026-10-07T06-44-06.261Z,points-5000-seed-41544c53,pan,camera_api_sync_ms_max,ms,0,4.7
Atlas,1c2e54b3b8df+bench,SVG,timing-2026-10-07T06-44-06.261Z,points-5000-seed-41544c53,pan,motion_elapsed_ms_n,count,0,5
Atlas,1c2e54b3b8df+bench,SVG,timing-2026-10-07T06-44-06.261Z,points-5000-seed-41544c53,pan,motion_elapsed_ms_median,ms,0,1516.6
Atlas,1c2e54b3b8df+bench,SVG,timing-2026-10-07T06-44-06.261Z,points-5000-seed-41544c53,pan,motion_elapsed_ms_p95,ms,0,1516.7
Atlas,1c2e54b3b8df+bench,SVG,timing-2026-10-07T06-44-06.261Z,points-5000-seed-41544c53,pan,motion_elapsed_ms_max,ms,0,1516.7
Atlas,1c2e54b3b8df+bench,SVG,timing-2026-10-07T06-44-06.261Z,points-5000-seed-41544c53,pan,camera_updates_n,count,0,5
Atlas,1c2e54b3b8df+bench,SVG,timing-2026-10-07T06-44-06.261Z,points-5000-seed-41544c53,pan,camera_updates_median,count,0,90.0
Atlas,1c2e54b3b8df+bench,SVG,timing-2026-10-07T06-44-06.261Z,points-5000-seed-41544c53,pan,camera_updates_p95,count,0,91.0
Atlas,1c2e54b3b8df+bench,SVG,timing-2026-10-07T06-44-06.261Z,points-5000-seed-41544c53,pan,camera_updates_max,count,0,91.0
Atlas,1c2e54b3b8df+bench,SVG,timing-2026-10-07T06-44-06.261Z,points-5000-seed-41544c53,zoom,frame_interval_ms_n,count,0,447
Atlas,1c2e54b3b8df+bench,SVG,timing-2026-10-07T06-44-06.261Z,points-5000-seed-41544c53,zoom,frame_interval_ms_median,ms,0,16.7
Atlas,1c2e54b3b8df+bench,SVG,timing-2026-10-07T06-44-06.261Z,points-5000-seed-41544c53,zoom,frame_interval_ms_p95,ms,0,16.8
Atlas,1c2e54b3b8df+bench,SVG,timing-2026-10-07T06-44-06.261Z,points-5000-seed-41544c53,zoom,frame_interval_ms_max,ms,0,33.4
Atlas,1c2e54b3b8df+bench,SVG,timing-2026-10-07T06-44-06.261Z,points-5000-seed-41544c53,zoom,camera_api_sync_ms_n,count,0,447
Atlas,1c2e54b3b8df+bench,SVG,timing-2026-10-07T06-44-06.261Z,points-5000-seed-41544c53,zoom,camera_api_sync_ms_median,ms,0,0.0
Atlas,1c2e54b3b8df+bench,SVG,timing-2026-10-07T06-44-06.261Z,points-5000-seed-41544c53,zoom,camera_api_sync_ms_p95,ms,0,0.1
Atlas,1c2e54b3b8df+bench,SVG,timing-2026-10-07T06-44-06.261Z,points-5000-seed-41544c53,zoom,camera_api_sync_ms_max,ms,0,0.1
Atlas,1c2e54b3b8df+bench,SVG,timing-2026-10-07T06-44-06.261Z,points-5000-seed-41544c53,zoom,motion_elapsed_ms_n,count,0,5
Atlas,1c2e54b3b8df+bench,SVG,timing-2026-10-07T06-44-06.261Z,points-5000-seed-41544c53,zoom,motion_elapsed_ms_median,ms,0,1516.6
Atlas,1c2e54b3b8df+bench,SVG,timing-2026-10-07T06-44-06.261Z,points-5000-seed-41544c53,zoom,motion_elapsed_ms_p95,ms,0,1516.6
Atlas,1c2e54b3b8df+bench,SVG,timing-2026-10-07T06-44-06.261Z,points-5000-seed-41544c53,zoom,motion_elapsed_ms_max,ms,0,1516.6
Atlas,1c2e54b3b8df+bench,SVG,timing-2026-10-07T06-44-06.261Z,points-5000-seed-41544c53,zoom,camera_updates_n,count,0,5
Atlas,1c2e54b3b8df+bench,SVG,timing-2026-10-07T06-44-06.261Z,points-5000-seed-41544c53,zoom,camera_updates_median,count,0,90.0
Atlas,1c2e54b3b8df+bench,SVG,timing-2026-10-07T06-44-06.261Z,points-5000-seed-41544c53,zoom,camera_updates_p95,count,0,90.0
Atlas,1c2e54b3b8df+bench,SVG,timing-2026-10-07T06-44-06.261Z,points-5000-seed-41544c53,zoom,camera_updates_max,count,0,90.0
Atlas,1c2e54b3b8df+bench,SVG,timing-2026-10-07T06-44-06.261Z,points-5000-seed-41544c53,hit,spatial_hit_test_sync_ms_n,count,0,1000
Atlas,1c2e54b3b8df+bench,SVG,timing-2026-10-07T06-44-06.261Z,points-5000-seed-41544c53,hit,spatial_hit_test_sync_ms_median,ms,0,0.0
Atlas,1c2e54b3b8df+bench,SVG,timing-2026-10-07T06-44-06.261Z,points-5000-seed-41544c53,hit,spatial_hit_test_sync_ms_p95,ms,0,0.0
Atlas,1c2e54b3b8df+bench,SVG,timing-2026-10-07T06-44-06.261Z,points-5000-seed-41544c53,hit,spatial_hit_test_sync_ms_max,ms,0,0.1
Atlas,1c2e54b3b8df+bench,SVG,timing-2026-10-07T06-44-06.261Z,points-5000-seed-41544c53,miss,spatial_hit_test_sync_ms_n,count,0,1000
Atlas,1c2e54b3b8df+bench,SVG,timing-2026-10-07T06-44-06.261Z,points-5000-seed-41544c53,miss,spatial_hit_test_sync_ms_median,ms,0,0.8
Atlas,1c2e54b3b8df+bench,SVG,timing-2026-10-07T06-44-06.261Z,points-5000-seed-41544c53,miss,spatial_hit_test_sync_ms_p95,ms,0,0.9
Atlas,1c2e54b3b8df+bench,SVG,timing-2026-10-07T06-44-06.261Z,points-5000-seed-41544c53,miss,spatial_hit_test_sync_ms_max,ms,0,5.0
Atlas,1c2e54b3b8df+bench,SVG,timing-2026-10-07T06-44-06.261Z,points-5000-seed-41544c53,position-single,operation_sync_ms_n,count,0,5
Atlas,1c2e54b3b8df+bench,SVG,timing-2026-10-07T06-44-06.261Z,points-5000-seed-41544c53,position-single,operation_sync_ms_median,ms,0,0.0
Atlas,1c2e54b3b8df+bench,SVG,timing-2026-10-07T06-44-06.261Z,points-5000-seed-41544c53,position-single,operation_sync_ms_p95,ms,0,0.1
Atlas,1c2e54b3b8df+bench,SVG,timing-2026-10-07T06-44-06.261Z,points-5000-seed-41544c53,position-single,operation_sync_ms_max,ms,0,0.1
Atlas,1c2e54b3b8df+bench,SVG,timing-2026-10-07T06-44-06.261Z,points-5000-seed-41544c53,position-single,operation_to_raf_opportunities_ms_n,count,0,5
Atlas,1c2e54b3b8df+bench,SVG,timing-2026-10-07T06-44-06.261Z,points-5000-seed-41544c53,position-single,operation_to_raf_opportunities_ms_median,ms,0,19.1
Atlas,1c2e54b3b8df+bench,SVG,timing-2026-10-07T06-44-06.261Z,points-5000-seed-41544c53,position-single,operation_to_raf_opportunities_ms_p95,ms,0,32.4
Atlas,1c2e54b3b8df+bench,SVG,timing-2026-10-07T06-44-06.261Z,points-5000-seed-41544c53,position-single,operation_to_raf_opportunities_ms_max,ms,0,32.4
Atlas,1c2e54b3b8df+bench,SVG,timing-2026-10-07T06-44-06.261Z,points-5000-seed-41544c53,position-series,operation_sync_ms_n,count,0,5
Atlas,1c2e54b3b8df+bench,SVG,timing-2026-10-07T06-44-06.261Z,points-5000-seed-41544c53,position-series,operation_sync_ms_median,ms,0,0.1
Atlas,1c2e54b3b8df+bench,SVG,timing-2026-10-07T06-44-06.261Z,points-5000-seed-41544c53,position-series,operation_sync_ms_p95,ms,0,0.2
Atlas,1c2e54b3b8df+bench,SVG,timing-2026-10-07T06-44-06.261Z,points-5000-seed-41544c53,position-series,operation_sync_ms_max,ms,0,0.2
Atlas,1c2e54b3b8df+bench,SVG,timing-2026-10-07T06-44-06.261Z,points-5000-seed-41544c53,position-series,operation_to_raf_opportunities_ms_n,count,0,5
Atlas,1c2e54b3b8df+bench,SVG,timing-2026-10-07T06-44-06.261Z,points-5000-seed-41544c53,position-series,operation_to_raf_opportunities_ms_median,ms,0,24.6
Atlas,1c2e54b3b8df+bench,SVG,timing-2026-10-07T06-44-06.261Z,points-5000-seed-41544c53,position-series,operation_to_raf_opportunities_ms_p95,ms,0,25.0
Atlas,1c2e54b3b8df+bench,SVG,timing-2026-10-07T06-44-06.261Z,points-5000-seed-41544c53,position-series,operation_to_raf_opportunities_ms_max,ms,0,25.0
Atlas,1c2e54b3b8df+bench,SVG,timing-2026-10-07T06-44-06.261Z,points-5000-seed-41544c53,add-100,operation_sync_ms_n,count,0,5
Atlas,1c2e54b3b8df+bench,SVG,timing-2026-10-07T06-44-06.261Z,points-5000-seed-41544c53,add-100,operation_sync_ms_median,ms,0,31.6
Atlas,1c2e54b3b8df+bench,SVG,timing-2026-10-07T06-44-06.261Z,points-5000-seed-41544c53,add-100,operation_sync_ms_p95,ms,0,37.5
Atlas,1c2e54b3b8df+bench,SVG,timing-2026-10-07T06-44-06.261Z,points-5000-seed-41544c53,add-100,operation_sync_ms_max,ms,0,37.5
Atlas,1c2e54b3b8df+bench,SVG,timing-2026-10-07T06-44-06.261Z,points-5000-seed-41544c53,add-100,cumulative_operation_ms_n,count,0,5
Atlas,1c2e54b3b8df+bench,SVG,timing-2026-10-07T06-44-06.261Z,points-5000-seed-41544c53,add-100,cumulative_operation_ms_median,ms,0,31.6
Atlas,1c2e54b3b8df+bench,SVG,timing-2026-10-07T06-44-06.261Z,points-5000-seed-41544c53,add-100,cumulative_operation_ms_p95,ms,0,37.5
Atlas,1c2e54b3b8df+bench,SVG,timing-2026-10-07T06-44-06.261Z,points-5000-seed-41544c53,add-100,cumulative_operation_ms_max,ms,0,37.5
Atlas,1c2e54b3b8df+bench,SVG,timing-2026-10-07T06-44-06.261Z,points-5000-seed-41544c53,add-100,operation_to_raf_opportunities_ms_n,count,0,5
Atlas,1c2e54b3b8df+bench,SVG,timing-2026-10-07T06-44-06.261Z,points-5000-seed-41544c53,add-100,operation_to_raf_opportunities_ms_median,ms,0,44.5
Atlas,1c2e54b3b8df+bench,SVG,timing-2026-10-07T06-44-06.261Z,points-5000-seed-41544c53,add-100,operation_to_raf_opportunities_ms_p95,ms,0,49.3
Atlas,1c2e54b3b8df+bench,SVG,timing-2026-10-07T06-44-06.261Z,points-5000-seed-41544c53,add-100,operation_to_raf_opportunities_ms_max,ms,0,49.3
Atlas,1c2e54b3b8df+bench,SVG,timing-2026-10-07T06-44-06.261Z,points-5000-seed-41544c53,add-500,operation_sync_ms_n,count,0,5
Atlas,1c2e54b3b8df+bench,SVG,timing-2026-10-07T06-44-06.261Z,points-5000-seed-41544c53,add-500,operation_sync_ms_median,ms,0,27.2
Atlas,1c2e54b3b8df+bench,SVG,timing-2026-10-07T06-44-06.261Z,points-5000-seed-41544c53,add-500,operation_sync_ms_p95,ms,0,28.6
Atlas,1c2e54b3b8df+bench,SVG,timing-2026-10-07T06-44-06.261Z,points-5000-seed-41544c53,add-500,operation_sync_ms_max,ms,0,28.6
Atlas,1c2e54b3b8df+bench,SVG,timing-2026-10-07T06-44-06.261Z,points-5000-seed-41544c53,add-500,cumulative_operation_ms_n,count,0,25
Atlas,1c2e54b3b8df+bench,SVG,timing-2026-10-07T06-44-06.261Z,points-5000-seed-41544c53,add-500,cumulative_operation_ms_median,ms,0,19.0
Atlas,1c2e54b3b8df+bench,SVG,timing-2026-10-07T06-44-06.261Z,points-5000-seed-41544c53,add-500,cumulative_operation_ms_p95,ms,0,28.0
Atlas,1c2e54b3b8df+bench,SVG,timing-2026-10-07T06-44-06.261Z,points-5000-seed-41544c53,add-500,cumulative_operation_ms_max,ms,0,28.6
Atlas,1c2e54b3b8df+bench,SVG,timing-2026-10-07T06-44-06.261Z,points-5000-seed-41544c53,add-500,operation_to_raf_opportunities_ms_n,count,0,5
Atlas,1c2e54b3b8df+bench,SVG,timing-2026-10-07T06-44-06.261Z,points-5000-seed-41544c53,add-500,operation_to_raf_opportunities_ms_median,ms,0,40.7
Atlas,1c2e54b3b8df+bench,SVG,timing-2026-10-07T06-44-06.261Z,points-5000-seed-41544c53,add-500,operation_to_raf_opportunities_ms_p95,ms,0,49.7
Atlas,1c2e54b3b8df+bench,SVG,timing-2026-10-07T06-44-06.261Z,points-5000-seed-41544c53,add-500,operation_to_raf_opportunities_ms_max,ms,0,49.7
Atlas,1c2e54b3b8df+bench,SVG,timing-2026-10-07T06-44-06.261Z,points-5000-seed-41544c53,add-1000,operation_sync_ms_n,count,0,5
Atlas,1c2e54b3b8df+bench,SVG,timing-2026-10-07T06-44-06.261Z,points-5000-seed-41544c53,add-1000,operation_sync_ms_median,ms,0,46.2
Atlas,1c2e54b3b8df+bench,SVG,timing-2026-10-07T06-44-06.261Z,points-5000-seed-41544c53,add-1000,operation_sync_ms_p95,ms,0,49.8
Atlas,1c2e54b3b8df+bench,SVG,timing-2026-10-07T06-44-06.261Z,points-5000-seed-41544c53,add-1000,operation_sync_ms_max,ms,0,49.8
Atlas,1c2e54b3b8df+bench,SVG,timing-2026-10-07T06-44-06.261Z,points-5000-seed-41544c53,add-1000,cumulative_operation_ms_n,count,0,50
Atlas,1c2e54b3b8df+bench,SVG,timing-2026-10-07T06-44-06.261Z,points-5000-seed-41544c53,add-1000,cumulative_operation_ms_median,ms,0,27.85
Atlas,1c2e54b3b8df+bench,SVG,timing-2026-10-07T06-44-06.261Z,points-5000-seed-41544c53,add-1000,cumulative_operation_ms_p95,ms,0,46.2
Atlas,1c2e54b3b8df+bench,SVG,timing-2026-10-07T06-44-06.261Z,points-5000-seed-41544c53,add-1000,cumulative_operation_ms_max,ms,0,49.8
Atlas,1c2e54b3b8df+bench,SVG,timing-2026-10-07T06-44-06.261Z,points-5000-seed-41544c53,add-1000,operation_to_raf_opportunities_ms_n,count,0,5
Atlas,1c2e54b3b8df+bench,SVG,timing-2026-10-07T06-44-06.261Z,points-5000-seed-41544c53,add-1000,operation_to_raf_opportunities_ms_median,ms,0,61.6
Atlas,1c2e54b3b8df+bench,SVG,timing-2026-10-07T06-44-06.261Z,points-5000-seed-41544c53,add-1000,operation_to_raf_opportunities_ms_p95,ms,0,64.2
Atlas,1c2e54b3b8df+bench,SVG,timing-2026-10-07T06-44-06.261Z,points-5000-seed-41544c53,add-1000,operation_to_raf_opportunities_ms_max,ms,0,64.2
Atlas,1c2e54b3b8df+bench,SVG,timing-2026-10-07T06-44-06.261Z,points-5000-seed-41544c53,remove-100,operation_sync_ms_n,count,0,5
Atlas,1c2e54b3b8df+bench,SVG,timing-2026-10-07T06-44-06.261Z,points-5000-seed-41544c53,remove-100,operation_sync_ms_median,ms,0,20.7
Atlas,1c2e54b3b8df+bench,SVG,timing-2026-10-07T06-44-06.261Z,points-5000-seed-41544c53,remove-100,operation_sync_ms_p95,ms,0,21.1
Atlas,1c2e54b3b8df+bench,SVG,timing-2026-10-07T06-44-06.261Z,points-5000-seed-41544c53,remove-100,operation_sync_ms_max,ms,0,21.1
Atlas,1c2e54b3b8df+bench,SVG,timing-2026-10-07T06-44-06.261Z,points-5000-seed-41544c53,remove-100,cumulative_operation_ms_n,count,0,5
Atlas,1c2e54b3b8df+bench,SVG,timing-2026-10-07T06-44-06.261Z,points-5000-seed-41544c53,remove-100,cumulative_operation_ms_median,ms,0,20.7
Atlas,1c2e54b3b8df+bench,SVG,timing-2026-10-07T06-44-06.261Z,points-5000-seed-41544c53,remove-100,cumulative_operation_ms_p95,ms,0,21.1
Atlas,1c2e54b3b8df+bench,SVG,timing-2026-10-07T06-44-06.261Z,points-5000-seed-41544c53,remove-100,cumulative_operation_ms_max,ms,0,21.1
Atlas,1c2e54b3b8df+bench,SVG,timing-2026-10-07T06-44-06.261Z,points-5000-seed-41544c53,remove-100,operation_to_raf_opportunities_ms_n,count,0,5
Atlas,1c2e54b3b8df+bench,SVG,timing-2026-10-07T06-44-06.261Z,points-5000-seed-41544c53,remove-100,operation_to_raf_opportunities_ms_median,ms,0,39.3
Atlas,1c2e54b3b8df+bench,SVG,timing-2026-10-07T06-44-06.261Z,points-5000-seed-41544c53,remove-100,operation_to_raf_opportunities_ms_p95,ms,0,41.6
Atlas,1c2e54b3b8df+bench,SVG,timing-2026-10-07T06-44-06.261Z,points-5000-seed-41544c53,remove-100,operation_to_raf_opportunities_ms_max,ms,0,41.6
Atlas,1c2e54b3b8df+bench,SVG,timing-2026-10-07T06-44-06.261Z,points-5000-seed-41544c53,remove-500,operation_sync_ms_n,count,0,5
Atlas,1c2e54b3b8df+bench,SVG,timing-2026-10-07T06-44-06.261Z,points-5000-seed-41544c53,remove-500,operation_sync_ms_median,ms,0,85.2
Atlas,1c2e54b3b8df+bench,SVG,timing-2026-10-07T06-44-06.261Z,points-5000-seed-41544c53,remove-500,operation_sync_ms_p95,ms,0,88.6
Atlas,1c2e54b3b8df+bench,SVG,timing-2026-10-07T06-44-06.261Z,points-5000-seed-41544c53,remove-500,operation_sync_ms_max,ms,0,88.6
Atlas,1c2e54b3b8df+bench,SVG,timing-2026-10-07T06-44-06.261Z,points-5000-seed-41544c53,remove-500,cumulative_operation_ms_n,count,0,25
Atlas,1c2e54b3b8df+bench,SVG,timing-2026-10-07T06-44-06.261Z,points-5000-seed-41544c53,remove-500,cumulative_operation_ms_median,ms,0,55.1
Atlas,1c2e54b3b8df+bench,SVG,timing-2026-10-07T06-44-06.261Z,points-5000-seed-41544c53,remove-500,cumulative_operation_ms_p95,ms,0,86.9
Atlas,1c2e54b3b8df+bench,SVG,timing-2026-10-07T06-44-06.261Z,points-5000-seed-41544c53,remove-500,cumulative_operation_ms_max,ms,0,88.6
Atlas,1c2e54b3b8df+bench,SVG,timing-2026-10-07T06-44-06.261Z,points-5000-seed-41544c53,remove-500,operation_to_raf_opportunities_ms_n,count,0,5
Atlas,1c2e54b3b8df+bench,SVG,timing-2026-10-07T06-44-06.261Z,points-5000-seed-41544c53,remove-500,operation_to_raf_opportunities_ms_median,ms,0,94.1
Atlas,1c2e54b3b8df+bench,SVG,timing-2026-10-07T06-44-06.261Z,points-5000-seed-41544c53,remove-500,operation_to_raf_opportunities_ms_p95,ms,0,105.9
Atlas,1c2e54b3b8df+bench,SVG,timing-2026-10-07T06-44-06.261Z,points-5000-seed-41544c53,remove-500,operation_to_raf_opportunities_ms_max,ms,0,105.9
Atlas,1c2e54b3b8df+bench,SVG,timing-2026-10-07T06-44-06.261Z,points-5000-seed-41544c53,remove-1000,operation_sync_ms_n,count,0,5
Atlas,1c2e54b3b8df+bench,SVG,timing-2026-10-07T06-44-06.261Z,points-5000-seed-41544c53,remove-1000,operation_sync_ms_median,ms,0,153.4
Atlas,1c2e54b3b8df+bench,SVG,timing-2026-10-07T06-44-06.261Z,points-5000-seed-41544c53,remove-1000,operation_sync_ms_p95,ms,0,154.8
Atlas,1c2e54b3b8df+bench,SVG,timing-2026-10-07T06-44-06.261Z,points-5000-seed-41544c53,remove-1000,operation_sync_ms_max,ms,0,154.8
Atlas,1c2e54b3b8df+bench,SVG,timing-2026-10-07T06-44-06.261Z,points-5000-seed-41544c53,remove-1000,cumulative_operation_ms_n,count,0,50
Atlas,1c2e54b3b8df+bench,SVG,timing-2026-10-07T06-44-06.261Z,points-5000-seed-41544c53,remove-1000,cumulative_operation_ms_median,ms,0,90.55
Atlas,1c2e54b3b8df+bench,SVG,timing-2026-10-07T06-44-06.261Z,points-5000-seed-41544c53,remove-1000,cumulative_operation_ms_p95,ms,0,153.4
Atlas,1c2e54b3b8df+bench,SVG,timing-2026-10-07T06-44-06.261Z,points-5000-seed-41544c53,remove-1000,cumulative_operation_ms_max,ms,0,154.8
Atlas,1c2e54b3b8df+bench,SVG,timing-2026-10-07T06-44-06.261Z,points-5000-seed-41544c53,remove-1000,operation_to_raf_opportunities_ms_n,count,0,5
Atlas,1c2e54b3b8df+bench,SVG,timing-2026-10-07T06-44-06.261Z,points-5000-seed-41544c53,remove-1000,operation_to_raf_opportunities_ms_median,ms,0,159.4
Atlas,1c2e54b3b8df+bench,SVG,timing-2026-10-07T06-44-06.261Z,points-5000-seed-41544c53,remove-1000,operation_to_raf_opportunities_ms_p95,ms,0,161.0
Atlas,1c2e54b3b8df+bench,SVG,timing-2026-10-07T06-44-06.261Z,points-5000-seed-41544c53,remove-1000,operation_to_raf_opportunities_ms_max,ms,0,161.0
Atlas,1c2e54b3b8df+bench,SVG,timing-2026-10-07T06-44-06.261Z,points-5000-seed-41544c53,wheel-input,synthetic_wheel_dispatch_sync_ms_n,count,0,50
Atlas,1c2e54b3b8df+bench,SVG,timing-2026-10-07T06-44-06.261Z,points-5000-seed-41544c53,wheel-input,synthetic_wheel_dispatch_sync_ms_median,ms,0,0.0
Atlas,1c2e54b3b8df+bench,SVG,timing-2026-10-07T06-44-06.261Z,points-5000-seed-41544c53,wheel-input,synthetic_wheel_dispatch_sync_ms_p95,ms,0,0.1
Atlas,1c2e54b3b8df+bench,SVG,timing-2026-10-07T06-44-06.261Z,points-5000-seed-41544c53,wheel-input,synthetic_wheel_dispatch_sync_ms_max,ms,0,0.1
Atlas,1c2e54b3b8df+bench,SVG,timing-2026-10-07T06-44-06.261Z,points-3000-seed-41544c53,load,load_promise_ms_n,count,0,5
Atlas,1c2e54b3b8df+bench,SVG,timing-2026-10-07T06-44-06.261Z,points-3000-seed-41544c53,load,load_promise_ms_median,ms,0,7.5
Atlas,1c2e54b3b8df+bench,SVG,timing-2026-10-07T06-44-06.261Z,points-3000-seed-41544c53,load,load_promise_ms_p95,ms,0,8.9
Atlas,1c2e54b3b8df+bench,SVG,timing-2026-10-07T06-44-06.261Z,points-3000-seed-41544c53,load,load_promise_ms_max,ms,0,8.9
Atlas,1c2e54b3b8df+bench,SVG,timing-2026-10-07T06-44-06.261Z,points-3000-seed-41544c53,load,create_to_raf_opportunities_ms_n,count,0,5
Atlas,1c2e54b3b8df+bench,SVG,timing-2026-10-07T06-44-06.261Z,points-3000-seed-41544c53,load,create_to_raf_opportunities_ms_median,ms,0,65.2
Atlas,1c2e54b3b8df+bench,SVG,timing-2026-10-07T06-44-06.261Z,points-3000-seed-41544c53,load,create_to_raf_opportunities_ms_p95,ms,0,81.6
Atlas,1c2e54b3b8df+bench,SVG,timing-2026-10-07T06-44-06.261Z,points-3000-seed-41544c53,load,create_to_raf_opportunities_ms_max,ms,0,81.6
Atlas,1c2e54b3b8df+bench,SVG,timing-2026-10-07T06-44-06.261Z,points-3000-seed-41544c53,load,semantic_roots_n,count,0,5
Atlas,1c2e54b3b8df+bench,SVG,timing-2026-10-07T06-44-06.261Z,points-3000-seed-41544c53,load,semantic_roots_median,count,0,3000.0
Atlas,1c2e54b3b8df+bench,SVG,timing-2026-10-07T06-44-06.261Z,points-3000-seed-41544c53,load,semantic_roots_p95,count,0,3000.0
Atlas,1c2e54b3b8df+bench,SVG,timing-2026-10-07T06-44-06.261Z,points-3000-seed-41544c53,load,semantic_roots_max,count,0,3000.0
Atlas,1c2e54b3b8df+bench,SVG,timing-2026-10-07T06-44-06.261Z,points-3000-seed-41544c53,load,owned_points_n,count,0,5
Atlas,1c2e54b3b8df+bench,SVG,timing-2026-10-07T06-44-06.261Z,points-3000-seed-41544c53,load,owned_points_median,count,0,0.0
Atlas,1c2e54b3b8df+bench,SVG,timing-2026-10-07T06-44-06.261Z,points-3000-seed-41544c53,load,owned_points_p95,count,0,0.0
Atlas,1c2e54b3b8df+bench,SVG,timing-2026-10-07T06-44-06.261Z,points-3000-seed-41544c53,load,owned_points_max,count,0,0.0
Atlas,1c2e54b3b8df+bench,SVG,timing-2026-10-07T06-44-06.261Z,points-3000-seed-41544c53,load,visual_primitives_n,count,0,5
Atlas,1c2e54b3b8df+bench,SVG,timing-2026-10-07T06-44-06.261Z,points-3000-seed-41544c53,load,visual_primitives_median,count,0,3000.0
Atlas,1c2e54b3b8df+bench,SVG,timing-2026-10-07T06-44-06.261Z,points-3000-seed-41544c53,load,visual_primitives_p95,count,0,3000.0
Atlas,1c2e54b3b8df+bench,SVG,timing-2026-10-07T06-44-06.261Z,points-3000-seed-41544c53,load,visual_primitives_max,count,0,3000.0
Atlas,1c2e54b3b8df+bench,SVG,timing-2026-10-07T06-44-06.261Z,points-3000-seed-41544c53,load,svg_element_nodes_n,count,0,5
Atlas,1c2e54b3b8df+bench,SVG,timing-2026-10-07T06-44-06.261Z,points-3000-seed-41544c53,load,svg_element_nodes_median,count,0,6002.0
Atlas,1c2e54b3b8df+bench,SVG,timing-2026-10-07T06-44-06.261Z,points-3000-seed-41544c53,load,svg_element_nodes_p95,count,0,6002.0
Atlas,1c2e54b3b8df+bench,SVG,timing-2026-10-07T06-44-06.261Z,points-3000-seed-41544c53,load,svg_element_nodes_max,count,0,6002.0
Atlas,1c2e54b3b8df+bench,SVG,timing-2026-10-07T06-44-06.261Z,points-3000-seed-41544c53,load,shadow_element_nodes_n,count,0,5
Atlas,1c2e54b3b8df+bench,SVG,timing-2026-10-07T06-44-06.261Z,points-3000-seed-41544c53,load,shadow_element_nodes_median,count,0,6003.0
Atlas,1c2e54b3b8df+bench,SVG,timing-2026-10-07T06-44-06.261Z,points-3000-seed-41544c53,load,shadow_element_nodes_p95,count,0,6003.0
Atlas,1c2e54b3b8df+bench,SVG,timing-2026-10-07T06-44-06.261Z,points-3000-seed-41544c53,load,shadow_element_nodes_max,count,0,6003.0
Atlas,1c2e54b3b8df+bench,SVG,timing-2026-10-07T06-44-06.261Z,points-3000-seed-41544c53,load,shadow_dom_nodes_n,count,0,5
Atlas,1c2e54b3b8df+bench,SVG,timing-2026-10-07T06-44-06.261Z,points-3000-seed-41544c53,load,shadow_dom_nodes_median,count,0,6006.0
Atlas,1c2e54b3b8df+bench,SVG,timing-2026-10-07T06-44-06.261Z,points-3000-seed-41544c53,load,shadow_dom_nodes_p95,count,0,6006.0
Atlas,1c2e54b3b8df+bench,SVG,timing-2026-10-07T06-44-06.261Z,points-3000-seed-41544c53,load,shadow_dom_nodes_max,count,0,6006.0
Atlas,1c2e54b3b8df+bench,SVG,timing-2026-10-07T06-44-06.261Z,points-3000-seed-41544c53,pan,frame_interval_ms_n,count,0,448
Atlas,1c2e54b3b8df+bench,SVG,timing-2026-10-07T06-44-06.261Z,points-3000-seed-41544c53,pan,frame_interval_ms_median,ms,0,16.7
Atlas,1c2e54b3b8df+bench,SVG,timing-2026-10-07T06-44-06.261Z,points-3000-seed-41544c53,pan,frame_interval_ms_p95,ms,0,16.8
Atlas,1c2e54b3b8df+bench,SVG,timing-2026-10-07T06-44-06.261Z,points-3000-seed-41544c53,pan,frame_interval_ms_max,ms,0,66.6
Atlas,1c2e54b3b8df+bench,SVG,timing-2026-10-07T06-44-06.261Z,points-3000-seed-41544c53,pan,camera_api_sync_ms_n,count,0,448
Atlas,1c2e54b3b8df+bench,SVG,timing-2026-10-07T06-44-06.261Z,points-3000-seed-41544c53,pan,camera_api_sync_ms_median,ms,0,0.0
Atlas,1c2e54b3b8df+bench,SVG,timing-2026-10-07T06-44-06.261Z,points-3000-seed-41544c53,pan,camera_api_sync_ms_p95,ms,0,0.1
Atlas,1c2e54b3b8df+bench,SVG,timing-2026-10-07T06-44-06.261Z,points-3000-seed-41544c53,pan,camera_api_sync_ms_max,ms,0,0.2
Atlas,1c2e54b3b8df+bench,SVG,timing-2026-10-07T06-44-06.261Z,points-3000-seed-41544c53,pan,motion_elapsed_ms_n,count,0,5
Atlas,1c2e54b3b8df+bench,SVG,timing-2026-10-07T06-44-06.261Z,points-3000-seed-41544c53,pan,motion_elapsed_ms_median,ms,0,1500.0
Atlas,1c2e54b3b8df+bench,SVG,timing-2026-10-07T06-44-06.261Z,points-3000-seed-41544c53,pan,motion_elapsed_ms_p95,ms,0,1516.7
Atlas,1c2e54b3b8df+bench,SVG,timing-2026-10-07T06-44-06.261Z,points-3000-seed-41544c53,pan,motion_elapsed_ms_max,ms,0,1516.7
Atlas,1c2e54b3b8df+bench,SVG,timing-2026-10-07T06-44-06.261Z,points-3000-seed-41544c53,pan,camera_updates_n,count,0,5
Atlas,1c2e54b3b8df+bench,SVG,timing-2026-10-07T06-44-06.261Z,points-3000-seed-41544c53,pan,camera_updates_median,count,0,90.0
Atlas,1c2e54b3b8df+bench,SVG,timing-2026-10-07T06-44-06.261Z,points-3000-seed-41544c53,pan,camera_updates_p95,count,0,91.0
Atlas,1c2e54b3b8df+bench,SVG,timing-2026-10-07T06-44-06.261Z,points-3000-seed-41544c53,pan,camera_updates_max,count,0,91.0
Atlas,1c2e54b3b8df+bench,SVG,timing-2026-10-07T06-44-06.261Z,points-3000-seed-41544c53,zoom,frame_interval_ms_n,count,0,454
Atlas,1c2e54b3b8df+bench,SVG,timing-2026-10-07T06-44-06.261Z,points-3000-seed-41544c53,zoom,frame_interval_ms_median,ms,0,16.7
Atlas,1c2e54b3b8df+bench,SVG,timing-2026-10-07T06-44-06.261Z,points-3000-seed-41544c53,zoom,frame_interval_ms_p95,ms,0,16.7
Atlas,1c2e54b3b8df+bench,SVG,timing-2026-10-07T06-44-06.261Z,points-3000-seed-41544c53,zoom,frame_interval_ms_max,ms,0,16.8
Atlas,1c2e54b3b8df+bench,SVG,timing-2026-10-07T06-44-06.261Z,points-3000-seed-41544c53,zoom,camera_api_sync_ms_n,count,0,454
Atlas,1c2e54b3b8df+bench,SVG,timing-2026-10-07T06-44-06.261Z,points-3000-seed-41544c53,zoom,camera_api_sync_ms_median,ms,0,0.0
Atlas,1c2e54b3b8df+bench,SVG,timing-2026-10-07T06-44-06.261Z,points-3000-seed-41544c53,zoom,camera_api_sync_ms_p95,ms,0,0.1
Atlas,1c2e54b3b8df+bench,SVG,timing-2026-10-07T06-44-06.261Z,points-3000-seed-41544c53,zoom,camera_api_sync_ms_max,ms,0,0.1
Atlas,1c2e54b3b8df+bench,SVG,timing-2026-10-07T06-44-06.261Z,points-3000-seed-41544c53,zoom,motion_elapsed_ms_n,count,0,5
Atlas,1c2e54b3b8df+bench,SVG,timing-2026-10-07T06-44-06.261Z,points-3000-seed-41544c53,zoom,motion_elapsed_ms_median,ms,0,1516.6
Atlas,1c2e54b3b8df+bench,SVG,timing-2026-10-07T06-44-06.261Z,points-3000-seed-41544c53,zoom,motion_elapsed_ms_p95,ms,0,1516.6
Atlas,1c2e54b3b8df+bench,SVG,timing-2026-10-07T06-44-06.261Z,points-3000-seed-41544c53,zoom,motion_elapsed_ms_max,ms,0,1516.6
Atlas,1c2e54b3b8df+bench,SVG,timing-2026-10-07T06-44-06.261Z,points-3000-seed-41544c53,zoom,camera_updates_n,count,0,5
Atlas,1c2e54b3b8df+bench,SVG,timing-2026-10-07T06-44-06.261Z,points-3000-seed-41544c53,zoom,camera_updates_median,count,0,91.0
Atlas,1c2e54b3b8df+bench,SVG,timing-2026-10-07T06-44-06.261Z,points-3000-seed-41544c53,zoom,camera_updates_p95,count,0,91.0
Atlas,1c2e54b3b8df+bench,SVG,timing-2026-10-07T06-44-06.261Z,points-3000-seed-41544c53,zoom,camera_updates_max,count,0,91.0
Atlas,1c2e54b3b8df+bench,SVG,timing-2026-10-07T06-44-06.261Z,points-3000-seed-41544c53,hit,spatial_hit_test_sync_ms_n,count,0,1000
Atlas,1c2e54b3b8df+bench,SVG,timing-2026-10-07T06-44-06.261Z,points-3000-seed-41544c53,hit,spatial_hit_test_sync_ms_median,ms,0,0.0
Atlas,1c2e54b3b8df+bench,SVG,timing-2026-10-07T06-44-06.261Z,points-3000-seed-41544c53,hit,spatial_hit_test_sync_ms_p95,ms,0,0.0
Atlas,1c2e54b3b8df+bench,SVG,timing-2026-10-07T06-44-06.261Z,points-3000-seed-41544c53,hit,spatial_hit_test_sync_ms_max,ms,0,0.1
Atlas,1c2e54b3b8df+bench,SVG,timing-2026-10-07T06-44-06.261Z,points-3000-seed-41544c53,miss,spatial_hit_test_sync_ms_n,count,0,1000
Atlas,1c2e54b3b8df+bench,SVG,timing-2026-10-07T06-44-06.261Z,points-3000-seed-41544c53,miss,spatial_hit_test_sync_ms_median,ms,0,0.4
Atlas,1c2e54b3b8df+bench,SVG,timing-2026-10-07T06-44-06.261Z,points-3000-seed-41544c53,miss,spatial_hit_test_sync_ms_p95,ms,0,0.5
Atlas,1c2e54b3b8df+bench,SVG,timing-2026-10-07T06-44-06.261Z,points-3000-seed-41544c53,miss,spatial_hit_test_sync_ms_max,ms,0,0.8
Atlas,1c2e54b3b8df+bench,SVG,timing-2026-10-07T06-44-06.261Z,points-3000-seed-41544c53,position-single,operation_sync_ms_n,count,0,5
Atlas,1c2e54b3b8df+bench,SVG,timing-2026-10-07T06-44-06.261Z,points-3000-seed-41544c53,position-single,operation_sync_ms_median,ms,0,0.0
Atlas,1c2e54b3b8df+bench,SVG,timing-2026-10-07T06-44-06.261Z,points-3000-seed-41544c53,position-single,operation_sync_ms_p95,ms,0,0.0
Atlas,1c2e54b3b8df+bench,SVG,timing-2026-10-07T06-44-06.261Z,points-3000-seed-41544c53,position-single,operation_sync_ms_max,ms,0,0.0
Atlas,1c2e54b3b8df+bench,SVG,timing-2026-10-07T06-44-06.261Z,points-3000-seed-41544c53,position-single,operation_to_raf_opportunities_ms_n,count,0,5
Atlas,1c2e54b3b8df+bench,SVG,timing-2026-10-07T06-44-06.261Z,points-3000-seed-41544c53,position-single,operation_to_raf_opportunities_ms_median,ms,0,31.4
Atlas,1c2e54b3b8df+bench,SVG,timing-2026-10-07T06-44-06.261Z,points-3000-seed-41544c53,position-single,operation_to_raf_opportunities_ms_p95,ms,0,31.5
Atlas,1c2e54b3b8df+bench,SVG,timing-2026-10-07T06-44-06.261Z,points-3000-seed-41544c53,position-single,operation_to_raf_opportunities_ms_max,ms,0,31.5
Atlas,1c2e54b3b8df+bench,SVG,timing-2026-10-07T06-44-06.261Z,points-3000-seed-41544c53,position-series,operation_sync_ms_n,count,0,5
Atlas,1c2e54b3b8df+bench,SVG,timing-2026-10-07T06-44-06.261Z,points-3000-seed-41544c53,position-series,operation_sync_ms_median,ms,0,0.1
Atlas,1c2e54b3b8df+bench,SVG,timing-2026-10-07T06-44-06.261Z,points-3000-seed-41544c53,position-series,operation_sync_ms_p95,ms,0,0.2
Atlas,1c2e54b3b8df+bench,SVG,timing-2026-10-07T06-44-06.261Z,points-3000-seed-41544c53,position-series,operation_sync_ms_max,ms,0,0.2
Atlas,1c2e54b3b8df+bench,SVG,timing-2026-10-07T06-44-06.261Z,points-3000-seed-41544c53,position-series,operation_to_raf_opportunities_ms_n,count,0,5
Atlas,1c2e54b3b8df+bench,SVG,timing-2026-10-07T06-44-06.261Z,points-3000-seed-41544c53,position-series,operation_to_raf_opportunities_ms_median,ms,0,31.3
Atlas,1c2e54b3b8df+bench,SVG,timing-2026-10-07T06-44-06.261Z,points-3000-seed-41544c53,position-series,operation_to_raf_opportunities_ms_p95,ms,0,32.1
Atlas,1c2e54b3b8df+bench,SVG,timing-2026-10-07T06-44-06.261Z,points-3000-seed-41544c53,position-series,operation_to_raf_opportunities_ms_max,ms,0,32.1
Atlas,1c2e54b3b8df+bench,SVG,timing-2026-10-07T06-44-06.261Z,points-3000-seed-41544c53,add-100,operation_sync_ms_n,count,0,5
Atlas,1c2e54b3b8df+bench,SVG,timing-2026-10-07T06-44-06.261Z,points-3000-seed-41544c53,add-100,operation_sync_ms_median,ms,0,2.6
Atlas,1c2e54b3b8df+bench,SVG,timing-2026-10-07T06-44-06.261Z,points-3000-seed-41544c53,add-100,operation_sync_ms_p95,ms,0,2.6
Atlas,1c2e54b3b8df+bench,SVG,timing-2026-10-07T06-44-06.261Z,points-3000-seed-41544c53,add-100,operation_sync_ms_max,ms,0,2.6
Atlas,1c2e54b3b8df+bench,SVG,timing-2026-10-07T06-44-06.261Z,points-3000-seed-41544c53,add-100,cumulative_operation_ms_n,count,0,5
Atlas,1c2e54b3b8df+bench,SVG,timing-2026-10-07T06-44-06.261Z,points-3000-seed-41544c53,add-100,cumulative_operation_ms_median,ms,0,2.6
Atlas,1c2e54b3b8df+bench,SVG,timing-2026-10-07T06-44-06.261Z,points-3000-seed-41544c53,add-100,cumulative_operation_ms_p95,ms,0,2.6
Atlas,1c2e54b3b8df+bench,SVG,timing-2026-10-07T06-44-06.261Z,points-3000-seed-41544c53,add-100,cumulative_operation_ms_max,ms,0,2.6
Atlas,1c2e54b3b8df+bench,SVG,timing-2026-10-07T06-44-06.261Z,points-3000-seed-41544c53,add-100,operation_to_raf_opportunities_ms_n,count,0,5
Atlas,1c2e54b3b8df+bench,SVG,timing-2026-10-07T06-44-06.261Z,points-3000-seed-41544c53,add-100,operation_to_raf_opportunities_ms_median,ms,0,31.5
Atlas,1c2e54b3b8df+bench,SVG,timing-2026-10-07T06-44-06.261Z,points-3000-seed-41544c53,add-100,operation_to_raf_opportunities_ms_p95,ms,0,32.2
Atlas,1c2e54b3b8df+bench,SVG,timing-2026-10-07T06-44-06.261Z,points-3000-seed-41544c53,add-100,operation_to_raf_opportunities_ms_max,ms,0,32.2
Atlas,1c2e54b3b8df+bench,SVG,timing-2026-10-07T06-44-06.261Z,points-3000-seed-41544c53,add-500,operation_sync_ms_n,count,0,5
Atlas,1c2e54b3b8df+bench,SVG,timing-2026-10-07T06-44-06.261Z,points-3000-seed-41544c53,add-500,operation_sync_ms_median,ms,0,18.5
Atlas,1c2e54b3b8df+bench,SVG,timing-2026-10-07T06-44-06.261Z,points-3000-seed-41544c53,add-500,operation_sync_ms_p95,ms,0,19.3
Atlas,1c2e54b3b8df+bench,SVG,timing-2026-10-07T06-44-06.261Z,points-3000-seed-41544c53,add-500,operation_sync_ms_max,ms,0,19.3
Atlas,1c2e54b3b8df+bench,SVG,timing-2026-10-07T06-44-06.261Z,points-3000-seed-41544c53,add-500,cumulative_operation_ms_n,count,0,25
Atlas,1c2e54b3b8df+bench,SVG,timing-2026-10-07T06-44-06.261Z,points-3000-seed-41544c53,add-500,cumulative_operation_ms_median,ms,0,10.7
Atlas,1c2e54b3b8df+bench,SVG,timing-2026-10-07T06-44-06.261Z,points-3000-seed-41544c53,add-500,cumulative_operation_ms_p95,ms,0,18.6
Atlas,1c2e54b3b8df+bench,SVG,timing-2026-10-07T06-44-06.261Z,points-3000-seed-41544c53,add-500,cumulative_operation_ms_max,ms,0,19.3
Atlas,1c2e54b3b8df+bench,SVG,timing-2026-10-07T06-44-06.261Z,points-3000-seed-41544c53,add-500,operation_to_raf_opportunities_ms_n,count,0,5
Atlas,1c2e54b3b8df+bench,SVG,timing-2026-10-07T06-44-06.261Z,points-3000-seed-41544c53,add-500,operation_to_raf_opportunities_ms_median,ms,0,31.4
Atlas,1c2e54b3b8df+bench,SVG,timing-2026-10-07T06-44-06.261Z,points-3000-seed-41544c53,add-500,operation_to_raf_opportunities_ms_p95,ms,0,39.8
Atlas,1c2e54b3b8df+bench,SVG,timing-2026-10-07T06-44-06.261Z,points-3000-seed-41544c53,add-500,operation_to_raf_opportunities_ms_max,ms,0,39.8
Atlas,1c2e54b3b8df+bench,SVG,timing-2026-10-07T06-44-06.261Z,points-3000-seed-41544c53,add-1000,operation_sync_ms_n,count,0,5
Atlas,1c2e54b3b8df+bench,SVG,timing-2026-10-07T06-44-06.261Z,points-3000-seed-41544c53,add-1000,operation_sync_ms_median,ms,0,30.5
Atlas,1c2e54b3b8df+bench,SVG,timing-2026-10-07T06-44-06.261Z,points-3000-seed-41544c53,add-1000,operation_sync_ms_p95,ms,0,32.7
Atlas,1c2e54b3b8df+bench,SVG,timing-2026-10-07T06-44-06.261Z,points-3000-seed-41544c53,add-1000,operation_sync_ms_max,ms,0,32.7
Atlas,1c2e54b3b8df+bench,SVG,timing-2026-10-07T06-44-06.261Z,points-3000-seed-41544c53,add-1000,cumulative_operation_ms_n,count,0,50
Atlas,1c2e54b3b8df+bench,SVG,timing-2026-10-07T06-44-06.261Z,points-3000-seed-41544c53,add-1000,cumulative_operation_ms_median,ms,0,17.45
Atlas,1c2e54b3b8df+bench,SVG,timing-2026-10-07T06-44-06.261Z,points-3000-seed-41544c53,add-1000,cumulative_operation_ms_p95,ms,0,30.5
Atlas,1c2e54b3b8df+bench,SVG,timing-2026-10-07T06-44-06.261Z,points-3000-seed-41544c53,add-1000,cumulative_operation_ms_max,ms,0,32.6
Atlas,1c2e54b3b8df+bench,SVG,timing-2026-10-07T06-44-06.261Z,points-3000-seed-41544c53,add-1000,operation_to_raf_opportunities_ms_n,count,0,5
Atlas,1c2e54b3b8df+bench,SVG,timing-2026-10-07T06-44-06.261Z,points-3000-seed-41544c53,add-1000,operation_to_raf_opportunities_ms_median,ms,0,41.3
Atlas,1c2e54b3b8df+bench,SVG,timing-2026-10-07T06-44-06.261Z,points-3000-seed-41544c53,add-1000,operation_to_raf_opportunities_ms_p95,ms,0,47.9
Atlas,1c2e54b3b8df+bench,SVG,timing-2026-10-07T06-44-06.261Z,points-3000-seed-41544c53,add-1000,operation_to_raf_opportunities_ms_max,ms,0,47.9
Atlas,1c2e54b3b8df+bench,SVG,timing-2026-10-07T06-44-06.261Z,points-3000-seed-41544c53,remove-100,operation_sync_ms_n,count,0,5
Atlas,1c2e54b3b8df+bench,SVG,timing-2026-10-07T06-44-06.261Z,points-3000-seed-41544c53,remove-100,operation_sync_ms_median,ms,0,10.1
Atlas,1c2e54b3b8df+bench,SVG,timing-2026-10-07T06-44-06.261Z,points-3000-seed-41544c53,remove-100,operation_sync_ms_p95,ms,0,11.6
Atlas,1c2e54b3b8df+bench,SVG,timing-2026-10-07T06-44-06.261Z,points-3000-seed-41544c53,remove-100,operation_sync_ms_max,ms,0,11.6
Atlas,1c2e54b3b8df+bench,SVG,timing-2026-10-07T06-44-06.261Z,points-3000-seed-41544c53,remove-100,cumulative_operation_ms_n,count,0,5
Atlas,1c2e54b3b8df+bench,SVG,timing-2026-10-07T06-44-06.261Z,points-3000-seed-41544c53,remove-100,cumulative_operation_ms_median,ms,0,10.1
Atlas,1c2e54b3b8df+bench,SVG,timing-2026-10-07T06-44-06.261Z,points-3000-seed-41544c53,remove-100,cumulative_operation_ms_p95,ms,0,11.6
Atlas,1c2e54b3b8df+bench,SVG,timing-2026-10-07T06-44-06.261Z,points-3000-seed-41544c53,remove-100,cumulative_operation_ms_max,ms,0,11.6
Atlas,1c2e54b3b8df+bench,SVG,timing-2026-10-07T06-44-06.261Z,points-3000-seed-41544c53,remove-100,operation_to_raf_opportunities_ms_n,count,0,5
Atlas,1c2e54b3b8df+bench,SVG,timing-2026-10-07T06-44-06.261Z,points-3000-seed-41544c53,remove-100,operation_to_raf_opportunities_ms_median,ms,0,30.6
Atlas,1c2e54b3b8df+bench,SVG,timing-2026-10-07T06-44-06.261Z,points-3000-seed-41544c53,remove-100,operation_to_raf_opportunities_ms_p95,ms,0,31.5
Atlas,1c2e54b3b8df+bench,SVG,timing-2026-10-07T06-44-06.261Z,points-3000-seed-41544c53,remove-100,operation_to_raf_opportunities_ms_max,ms,0,31.5
Atlas,1c2e54b3b8df+bench,SVG,timing-2026-10-07T06-44-06.261Z,points-3000-seed-41544c53,remove-500,operation_sync_ms_n,count,0,5
Atlas,1c2e54b3b8df+bench,SVG,timing-2026-10-07T06-44-06.261Z,points-3000-seed-41544c53,remove-500,operation_sync_ms_median,ms,0,49.2
Atlas,1c2e54b3b8df+bench,SVG,timing-2026-10-07T06-44-06.261Z,points-3000-seed-41544c53,remove-500,operation_sync_ms_p95,ms,0,64.0
Atlas,1c2e54b3b8df+bench,SVG,timing-2026-10-07T06-44-06.261Z,points-3000-seed-41544c53,remove-500,operation_sync_ms_max,ms,0,64.0
Atlas,1c2e54b3b8df+bench,SVG,timing-2026-10-07T06-44-06.261Z,points-3000-seed-41544c53,remove-500,cumulative_operation_ms_n,count,0,25
Atlas,1c2e54b3b8df+bench,SVG,timing-2026-10-07T06-44-06.261Z,points-3000-seed-41544c53,remove-500,cumulative_operation_ms_median,ms,0,30.6
Atlas,1c2e54b3b8df+bench,SVG,timing-2026-10-07T06-44-06.261Z,points-3000-seed-41544c53,remove-500,cumulative_operation_ms_p95,ms,0,55.5
Atlas,1c2e54b3b8df+bench,SVG,timing-2026-10-07T06-44-06.261Z,points-3000-seed-41544c53,remove-500,cumulative_operation_ms_max,ms,0,63.9
Atlas,1c2e54b3b8df+bench,SVG,timing-2026-10-07T06-44-06.261Z,points-3000-seed-41544c53,remove-500,operation_to_raf_opportunities_ms_n,count,0,5
Atlas,1c2e54b3b8df+bench,SVG,timing-2026-10-07T06-44-06.261Z,points-3000-seed-41544c53,remove-500,operation_to_raf_opportunities_ms_median,ms,0,64.8
Atlas,1c2e54b3b8df+bench,SVG,timing-2026-10-07T06-44-06.261Z,points-3000-seed-41544c53,remove-500,operation_to_raf_opportunities_ms_p95,ms,0,77.9
Atlas,1c2e54b3b8df+bench,SVG,timing-2026-10-07T06-44-06.261Z,points-3000-seed-41544c53,remove-500,operation_to_raf_opportunities_ms_max,ms,0,77.9
Atlas,1c2e54b3b8df+bench,SVG,timing-2026-10-07T06-44-06.261Z,points-3000-seed-41544c53,remove-1000,operation_sync_ms_n,count,0,5
Atlas,1c2e54b3b8df+bench,SVG,timing-2026-10-07T06-44-06.261Z,points-3000-seed-41544c53,remove-1000,operation_sync_ms_median,ms,0,85.4
Atlas,1c2e54b3b8df+bench,SVG,timing-2026-10-07T06-44-06.261Z,points-3000-seed-41544c53,remove-1000,operation_sync_ms_p95,ms,0,85.9
Atlas,1c2e54b3b8df+bench,SVG,timing-2026-10-07T06-44-06.261Z,points-3000-seed-41544c53,remove-1000,operation_sync_ms_max,ms,0,85.9
Atlas,1c2e54b3b8df+bench,SVG,timing-2026-10-07T06-44-06.261Z,points-3000-seed-41544c53,remove-1000,cumulative_operation_ms_n,count,0,50
Atlas,1c2e54b3b8df+bench,SVG,timing-2026-10-07T06-44-06.261Z,points-3000-seed-41544c53,remove-1000,cumulative_operation_ms_median,ms,0,51.3
Atlas,1c2e54b3b8df+bench,SVG,timing-2026-10-07T06-44-06.261Z,points-3000-seed-41544c53,remove-1000,cumulative_operation_ms_p95,ms,0,85.4
Atlas,1c2e54b3b8df+bench,SVG,timing-2026-10-07T06-44-06.261Z,points-3000-seed-41544c53,remove-1000,cumulative_operation_ms_max,ms,0,85.9
Atlas,1c2e54b3b8df+bench,SVG,timing-2026-10-07T06-44-06.261Z,points-3000-seed-41544c53,remove-1000,operation_to_raf_opportunities_ms_n,count,0,5
Atlas,1c2e54b3b8df+bench,SVG,timing-2026-10-07T06-44-06.261Z,points-3000-seed-41544c53,remove-1000,operation_to_raf_opportunities_ms_median,ms,0,98.3
Atlas,1c2e54b3b8df+bench,SVG,timing-2026-10-07T06-44-06.261Z,points-3000-seed-41544c53,remove-1000,operation_to_raf_opportunities_ms_p95,ms,0,98.7
Atlas,1c2e54b3b8df+bench,SVG,timing-2026-10-07T06-44-06.261Z,points-3000-seed-41544c53,remove-1000,operation_to_raf_opportunities_ms_max,ms,0,98.7
Atlas,1c2e54b3b8df+bench,SVG,timing-2026-10-07T06-44-06.261Z,points-3000-seed-41544c53,wheel-input,synthetic_wheel_dispatch_sync_ms_n,count,0,50
Atlas,1c2e54b3b8df+bench,SVG,timing-2026-10-07T06-44-06.261Z,points-3000-seed-41544c53,wheel-input,synthetic_wheel_dispatch_sync_ms_median,ms,0,0.0
Atlas,1c2e54b3b8df+bench,SVG,timing-2026-10-07T06-44-06.261Z,points-3000-seed-41544c53,wheel-input,synthetic_wheel_dispatch_sync_ms_p95,ms,0,0.1
Atlas,1c2e54b3b8df+bench,SVG,timing-2026-10-07T06-44-06.261Z,points-3000-seed-41544c53,wheel-input,synthetic_wheel_dispatch_sync_ms_max,ms,0,0.1
