engine,version,renderer,runId,sceneId,scenario,metric,unit,sample,value
Atlas,4aee3070bfab,SVG,comparison-timing-2026-10-07T06-43-18.539Z,mixed-3000-seed-41544c53,route-update,operation_sync_ms,ms,0,0
Atlas,4aee3070bfab,SVG,comparison-timing-2026-10-07T06-43-18.539Z,mixed-3000-seed-41544c53,route-update,operation_to_raf_opportunities_ms,ms,0,27.600000143051147
Leaflet,1.9.4,Canvas,comparison-timing-2026-10-07T06-43-18.539Z,mixed-3000-seed-41544c53,route-update,operation_sync_ms,ms,0,1.3999998569488525
Leaflet,1.9.4,Canvas,comparison-timing-2026-10-07T06-43-18.539Z,mixed-3000-seed-41544c53,route-update,operation_to_raf_opportunities_ms,ms,0,44.39999985694885
Leaflet,1.9.4,SVG,comparison-timing-2026-10-07T06-43-18.539Z,mixed-3000-seed-41544c53,route-update,operation_sync_ms,ms,0,3.5
Leaflet,1.9.4,SVG,comparison-timing-2026-10-07T06-43-18.539Z,mixed-3000-seed-41544c53,route-update,operation_to_raf_opportunities_ms,ms,0,30.299999952316284
Leaflet,1.9.4,Canvas,comparison-timing-2026-10-07T06-43-18.539Z,mixed-3000-seed-41544c53,route-update,operation_sync_ms,ms,10000,0.5999999046325684
Leaflet,1.9.4,Canvas,comparison-timing-2026-10-07T06-43-18.539Z,mixed-3000-seed-41544c53,route-update,operation_to_raf_opportunities_ms,ms,10000,43.90000009536743
Atlas,4aee3070bfab,SVG,comparison-timing-2026-10-07T06-43-18.539Z,mixed-3000-seed-41544c53,route-update,operation_sync_ms,ms,10000,0
Atlas,4aee3070bfab,SVG,comparison-timing-2026-10-07T06-43-18.539Z,mixed-3000-seed-41544c53,route-update,operation_to_raf_opportunities_ms,ms,10000,32.09999990463257
Leaflet,1.9.4,SVG,comparison-timing-2026-10-07T06-43-18.539Z,mixed-3000-seed-41544c53,route-update,operation_sync_ms,ms,10000,3.8999998569488525
Leaflet,1.9.4,SVG,comparison-timing-2026-10-07T06-43-18.539Z,mixed-3000-seed-41544c53,route-update,operation_to_raf_opportunities_ms,ms,10000,40.299999952316284
Leaflet,1.9.4,Canvas,comparison-timing-2026-10-07T06-43-18.539Z,mixed-3000-seed-41544c53,route-update,operation_sync_ms,ms,20000,1.4000000953674316
Leaflet,1.9.4,Canvas,comparison-timing-2026-10-07T06-43-18.539Z,mixed-3000-seed-41544c53,route-update,operation_to_raf_opportunities_ms,ms,20000,44.09999990463257
Leaflet,1.9.4,SVG,comparison-timing-2026-10-07T06-43-18.539Z,mixed-3000-seed-41544c53,route-update,operation_sync_ms,ms,20000,4.299999952316284
Leaflet,1.9.4,SVG,comparison-timing-2026-10-07T06-43-18.539Z,mixed-3000-seed-41544c53,route-update,operation_to_raf_opportunities_ms,ms,20000,30.299999952316284
Atlas,4aee3070bfab,SVG,comparison-timing-2026-10-07T06-43-18.539Z,mixed-3000-seed-41544c53,route-update,operation_sync_ms,ms,20000,0
Atlas,4aee3070bfab,SVG,comparison-timing-2026-10-07T06-43-18.539Z,mixed-3000-seed-41544c53,route-update,operation_to_raf_opportunities_ms,ms,20000,28.09999990463257
Leaflet,1.9.4,SVG,comparison-timing-2026-10-07T06-43-18.539Z,mixed-3000-seed-41544c53,route-update,operation_sync_ms,ms,30000,4.400000095367432
Leaflet,1.9.4,SVG,comparison-timing-2026-10-07T06-43-18.539Z,mixed-3000-seed-41544c53,route-update,operation_to_raf_opportunities_ms,ms,30000,44.10000014305115
Leaflet,1.9.4,Canvas,comparison-timing-2026-10-07T06-43-18.539Z,mixed-3000-seed-41544c53,route-update,operation_sync_ms,ms,30000,1.5999999046325684
Leaflet,1.9.4,Canvas,comparison-timing-2026-10-07T06-43-18.539Z,mixed-3000-seed-41544c53,route-update,operation_to_raf_opportunities_ms,ms,30000,47.09999990463257
Atlas,4aee3070bfab,SVG,comparison-timing-2026-10-07T06-43-18.539Z,mixed-3000-seed-41544c53,route-update,operation_sync_ms,ms,30000,0.09999990463256836
Atlas,4aee3070bfab,SVG,comparison-timing-2026-10-07T06-43-18.539Z,mixed-3000-seed-41544c53,route-update,operation_to_raf_opportunities_ms,ms,30000,33
Leaflet,1.9.4,SVG,comparison-timing-2026-10-07T06-43-18.539Z,mixed-3000-seed-41544c53,route-update,operation_sync_ms,ms,40000,4.700000047683716
Leaflet,1.9.4,SVG,comparison-timing-2026-10-07T06-43-18.539Z,mixed-3000-seed-41544c53,route-update,operation_to_raf_opportunities_ms,ms,40000,46.30000019073486
Atlas,4aee3070bfab,SVG,comparison-timing-2026-10-07T06-43-18.539Z,mixed-3000-seed-41544c53,route-update,operation_sync_ms,ms,40000,0
Atlas,4aee3070bfab,SVG,comparison-timing-2026-10-07T06-43-18.539Z,mixed-3000-seed-41544c53,route-update,operation_to_raf_opportunities_ms,ms,40000,37.59999990463257
Leaflet,1.9.4,Canvas,comparison-timing-2026-10-07T06-43-18.539Z,mixed-3000-seed-41544c53,route-update,operation_sync_ms,ms,40000,0.7999999523162842
Leaflet,1.9.4,Canvas,comparison-timing-2026-10-07T06-43-18.539Z,mixed-3000-seed-41544c53,route-update,operation_to_raf_opportunities_ms,ms,40000,45.39999985694885
