engine,renderer,sceneId,scenario,metric,unit,checkpoint,n,median,p95,max
Atlas,SVG,mixed-3000-seed-41544c53,add-100,cumulative_operation_ms,ms,100,5,2.0999999046325684,6.5,6.5
Atlas,SVG,mixed-3000-seed-41544c53,add-100,operation_sync_ms,ms,0,5,2.0999999046325684,6.5,6.5
Atlas,SVG,mixed-3000-seed-41544c53,add-100,operation_to_raf_opportunities_ms,ms,0,5,33.10000014305115,37.09999990463257,37.09999990463257
Atlas,SVG,mixed-3000-seed-41544c53,add-1000,cumulative_operation_ms,ms,100,5,2.0999999046325684,6.200000047683716,6.200000047683716
Atlas,SVG,mixed-3000-seed-41544c53,add-1000,cumulative_operation_ms,ms,200,5,8.299999952316284,8.900000095367432,8.900000095367432
Atlas,SVG,mixed-3000-seed-41544c53,add-1000,cumulative_operation_ms,ms,300,5,11.099999904632568,15.900000095367432,15.900000095367432
Atlas,SVG,mixed-3000-seed-41544c53,add-1000,cumulative_operation_ms,ms,400,5,13.5,18.100000143051147,18.100000143051147
Atlas,SVG,mixed-3000-seed-41544c53,add-1000,cumulative_operation_ms,ms,500,5,16.59999990463257,20.5,20.5
Atlas,SVG,mixed-3000-seed-41544c53,add-1000,cumulative_operation_ms,ms,600,5,19.09999990463257,23.100000143051147,23.100000143051147
Atlas,SVG,mixed-3000-seed-41544c53,add-1000,cumulative_operation_ms,ms,700,5,21.5,25.5,25.5
Atlas,SVG,mixed-3000-seed-41544c53,add-1000,cumulative_operation_ms,ms,800,5,24.40000009536743,28.0,28.0
Atlas,SVG,mixed-3000-seed-41544c53,add-1000,cumulative_operation_ms,ms,900,5,26.90000009536743,30.600000143051147,30.600000143051147
Atlas,SVG,mixed-3000-seed-41544c53,add-1000,cumulative_operation_ms,ms,1000,5,29.5,33.200000047683716,33.200000047683716
Atlas,SVG,mixed-3000-seed-41544c53,add-1000,operation_sync_ms,ms,0,5,29.5,33.200000047683716,33.200000047683716
Atlas,SVG,mixed-3000-seed-41544c53,add-1000,operation_to_raf_opportunities_ms,ms,0,5,71.0,72.79999995231628,72.79999995231628
Atlas,SVG,mixed-3000-seed-41544c53,add-500,cumulative_operation_ms,ms,100,5,2.200000047683716,2.299999952316284,2.299999952316284
Atlas,SVG,mixed-3000-seed-41544c53,add-500,cumulative_operation_ms,ms,200,5,8.0,9.099999904632568,9.099999904632568
Atlas,SVG,mixed-3000-seed-41544c53,add-500,cumulative_operation_ms,ms,300,5,10.900000095367432,11.5,11.5
Atlas,SVG,mixed-3000-seed-41544c53,add-500,cumulative_operation_ms,ms,400,5,13.299999952316284,17.59999990463257,17.59999990463257
Atlas,SVG,mixed-3000-seed-41544c53,add-500,cumulative_operation_ms,ms,500,5,16.399999856948853,19.899999856948853,19.899999856948853
Atlas,SVG,mixed-3000-seed-41544c53,add-500,operation_sync_ms,ms,0,5,16.399999856948853,19.899999856948853,19.899999856948853
Atlas,SVG,mixed-3000-seed-41544c53,add-500,operation_to_raf_opportunities_ms,ms,0,5,54.80000019073486,60.09999990463257,60.09999990463257
Atlas,SVG,mixed-3000-seed-41544c53,hit,spatial_hit_test_sync_ms,ms,0,1000,0.0,0.10000014305114746,5.699999809265137
Atlas,SVG,mixed-3000-seed-41544c53,load,atlas_load_promise_ms,ms,0,5,27.0,33.0,33.0
Atlas,SVG,mixed-3000-seed-41544c53,load,create_to_raf_opportunities_ms,ms,0,5,102.39999985694885,110.0,110.0
Atlas,SVG,mixed-3000-seed-41544c53,load,owned_element_nodes,count,0,5,14404.0,14404.0,14404.0
Atlas,SVG,mixed-3000-seed-41544c53,load,owned_points,count,0,5,5400.0,5400.0,5400.0
Atlas,SVG,mixed-3000-seed-41544c53,load,semantic_roots,count,0,5,3000.0,3000.0,3000.0
Atlas,SVG,mixed-3000-seed-41544c53,load,svg_element_nodes,count,0,5,14402.0,14402.0,14402.0
Atlas,SVG,mixed-3000-seed-41544c53,load,visual_primitives,count,0,5,7200.0,7200.0,7200.0
Atlas,SVG,mixed-3000-seed-41544c53,miss,spatial_hit_test_sync_ms,ms,0,1000,2.299999952316284,2.4000000953674316,8.600000143051147
Atlas,SVG,mixed-3000-seed-41544c53,pan,camera_api_sync_ms,ms,0,272,0.0,0.10000014305114746,0.10000014305114746
Atlas,SVG,mixed-3000-seed-41544c53,pan,camera_updates,count,0,5,54.0,56.0,56.0
Atlas,SVG,mixed-3000-seed-41544c53,pan,frame_interval_ms,ms,0,272,33.29999999998836,34.0,66.79999999998836
Atlas,SVG,mixed-3000-seed-41544c53,pan,motion_elapsed_ms,ms,0,5,1501.7000000000116,1535.0,1535.0
Atlas,SVG,mixed-3000-seed-41544c53,position-series,operation_sync_ms,ms,0,5,0.09999990463256836,0.10000014305114746,0.10000014305114746
Atlas,SVG,mixed-3000-seed-41544c53,position-series,operation_to_raf_opportunities_ms,ms,0,5,26.399999856948853,29.700000047683716,29.700000047683716
Atlas,SVG,mixed-3000-seed-41544c53,position-single,operation_sync_ms,ms,0,5,0.0,0.0,0.0
Atlas,SVG,mixed-3000-seed-41544c53,position-single,operation_to_raf_opportunities_ms,ms,0,5,26.59999990463257,26.90000009536743,26.90000009536743
Atlas,SVG,mixed-3000-seed-41544c53,remove-100,cumulative_operation_ms,ms,100,5,9.700000047683716,15.0,15.0
Atlas,SVG,mixed-3000-seed-41544c53,remove-100,operation_sync_ms,ms,0,5,9.700000047683716,15.0,15.0
Atlas,SVG,mixed-3000-seed-41544c53,remove-100,operation_to_raf_opportunities_ms,ms,0,5,38.700000047683716,43.799999952316284,43.799999952316284
Atlas,SVG,mixed-3000-seed-41544c53,remove-1000,cumulative_operation_ms,ms,100,5,9.599999904632568,13.599999904632568,13.599999904632568
Atlas,SVG,mixed-3000-seed-41544c53,remove-1000,cumulative_operation_ms,ms,200,5,22.700000047683716,23.0,23.0
Atlas,SVG,mixed-3000-seed-41544c53,remove-1000,cumulative_operation_ms,ms,300,5,31.700000047683716,32.5,32.5
Atlas,SVG,mixed-3000-seed-41544c53,remove-1000,cumulative_operation_ms,ms,400,5,40.200000047683716,45.200000047683716,45.200000047683716
Atlas,SVG,mixed-3000-seed-41544c53,remove-1000,cumulative_operation_ms,ms,500,5,48.89999985694885,53.5,53.5
Atlas,SVG,mixed-3000-seed-41544c53,remove-1000,cumulative_operation_ms,ms,600,5,56.89999985694885,61.39999985694885,61.39999985694885
Atlas,SVG,mixed-3000-seed-41544c53,remove-1000,cumulative_operation_ms,ms,700,5,64.70000004768372,69.09999990463257,69.09999990463257
Atlas,SVG,mixed-3000-seed-41544c53,remove-1000,cumulative_operation_ms,ms,800,5,72.0,76.39999985694885,76.39999985694885
Atlas,SVG,mixed-3000-seed-41544c53,remove-1000,cumulative_operation_ms,ms,900,5,78.89999985694885,83.39999985694885,83.39999985694885
Atlas,SVG,mixed-3000-seed-41544c53,remove-1000,cumulative_operation_ms,ms,1000,5,85.79999995231628,90.09999990463257,90.09999990463257
Atlas,SVG,mixed-3000-seed-41544c53,remove-1000,operation_sync_ms,ms,0,5,85.79999995231628,90.09999990463257,90.09999990463257
Atlas,SVG,mixed-3000-seed-41544c53,remove-1000,operation_to_raf_opportunities_ms,ms,0,5,109.29999995231628,116.20000004768372,116.20000004768372
Atlas,SVG,mixed-3000-seed-41544c53,remove-500,cumulative_operation_ms,ms,100,5,13.200000047683716,13.5,13.5
Atlas,SVG,mixed-3000-seed-41544c53,remove-500,cumulative_operation_ms,ms,200,5,22.5,23.0,23.0
Atlas,SVG,mixed-3000-seed-41544c53,remove-500,cumulative_operation_ms,ms,300,5,31.600000143051147,37.10000014305115,37.10000014305115
Atlas,SVG,mixed-3000-seed-41544c53,remove-500,cumulative_operation_ms,ms,400,5,43.5,45.700000047683716,45.700000047683716
Atlas,SVG,mixed-3000-seed-41544c53,remove-500,cumulative_operation_ms,ms,500,5,51.700000047683716,53.80000019073486,53.80000019073486
Atlas,SVG,mixed-3000-seed-41544c53,remove-500,operation_sync_ms,ms,0,5,51.700000047683716,53.80000019073486,53.80000019073486
Atlas,SVG,mixed-3000-seed-41544c53,remove-500,operation_to_raf_opportunities_ms,ms,0,5,76.5,80.20000004768372,80.20000004768372
Atlas,SVG,mixed-3000-seed-41544c53,route-update,operation_sync_ms,ms,0,5,0.0,0.10000014305114746,0.10000014305114746
Atlas,SVG,mixed-3000-seed-41544c53,route-update,operation_to_raf_opportunities_ms,ms,0,5,29.300000190734863,30.799999952316284,30.799999952316284
Atlas,SVG,mixed-3000-seed-41544c53,wheel-input,synthetic_wheel_dispatch_sync_ms,ms,0,50,0.0,0.10000014305114746,0.10000014305114746
Atlas,SVG,mixed-3000-seed-41544c53,zoom,camera_api_sync_ms,ms,0,234,0.0,0.10000014305114746,0.20000004768371582
Atlas,SVG,mixed-3000-seed-41544c53,zoom,camera_updates,count,0,5,47.0,48.0,48.0
Atlas,SVG,mixed-3000-seed-41544c53,zoom,frame_interval_ms,ms,0,234,33.399999999965075,49.89999999999418,66.70000000001164
Atlas,SVG,mixed-3000-seed-41544c53,zoom,motion_elapsed_ms,ms,0,5,1501.2000000000116,1519.5999999999913,1519.5999999999913
Atlas,SVG,mixed-5000-seed-41544c53,add-100,cumulative_operation_ms,ms,100,5,10.299999952316284,14.100000143051147,14.100000143051147
Atlas,SVG,mixed-5000-seed-41544c53,add-100,operation_sync_ms,ms,0,5,10.299999952316284,14.100000143051147,14.100000143051147
Atlas,SVG,mixed-5000-seed-41544c53,add-100,operation_to_raf_opportunities_ms,ms,0,5,60.0,66.20000004768372,66.20000004768372
Atlas,SVG,mixed-5000-seed-41544c53,add-1000,cumulative_operation_ms,ms,100,5,9.900000095367432,11.099999904632568,11.099999904632568
Atlas,SVG,mixed-5000-seed-41544c53,add-1000,cumulative_operation_ms,ms,200,5,13.5,14.599999904632568,14.599999904632568
Atlas,SVG,mixed-5000-seed-41544c53,add-1000,cumulative_operation_ms,ms,300,5,17.40000009536743,19.200000047683716,19.200000047683716
Atlas,SVG,mixed-5000-seed-41544c53,add-1000,cumulative_operation_ms,ms,400,5,21.100000143051147,22.90000009536743,22.90000009536743
Atlas,SVG,mixed-5000-seed-41544c53,add-1000,cumulative_operation_ms,ms,500,5,24.700000047683716,26.700000047683716,26.700000047683716
Atlas,SVG,mixed-5000-seed-41544c53,add-1000,cumulative_operation_ms,ms,600,5,28.300000190734863,30.200000047683716,30.200000047683716
Atlas,SVG,mixed-5000-seed-41544c53,add-1000,cumulative_operation_ms,ms,700,5,32.10000014305115,34.09999990463257,34.09999990463257
Atlas,SVG,mixed-5000-seed-41544c53,add-1000,cumulative_operation_ms,ms,800,5,35.700000047683716,37.799999952316284,37.799999952316284
Atlas,SVG,mixed-5000-seed-41544c53,add-1000,cumulative_operation_ms,ms,900,5,39.60000014305115,41.700000047683716,41.700000047683716
Atlas,SVG,mixed-5000-seed-41544c53,add-1000,cumulative_operation_ms,ms,1000,5,43.40000009536743,45.40000009536743,45.40000009536743
Atlas,SVG,mixed-5000-seed-41544c53,add-1000,operation_sync_ms,ms,0,5,43.40000009536743,45.40000009536743,45.40000009536743
Atlas,SVG,mixed-5000-seed-41544c53,add-1000,operation_to_raf_opportunities_ms,ms,0,5,107.0,110.70000004768372,110.70000004768372
Atlas,SVG,mixed-5000-seed-41544c53,add-500,cumulative_operation_ms,ms,100,5,10.400000095367432,13.200000047683716,13.200000047683716
Atlas,SVG,mixed-5000-seed-41544c53,add-500,cumulative_operation_ms,ms,200,5,13.700000047683716,22.0,22.0
Atlas,SVG,mixed-5000-seed-41544c53,add-500,cumulative_operation_ms,ms,300,5,17.700000047683716,32.200000047683716,32.200000047683716
Atlas,SVG,mixed-5000-seed-41544c53,add-500,cumulative_operation_ms,ms,400,5,21.100000143051147,108.40000009536743,108.40000009536743
Atlas,SVG,mixed-5000-seed-41544c53,add-500,cumulative_operation_ms,ms,500,5,24.799999952316284,112.0,112.0
Atlas,SVG,mixed-5000-seed-41544c53,add-500,operation_sync_ms,ms,0,5,24.799999952316284,112.0,112.0
Atlas,SVG,mixed-5000-seed-41544c53,add-500,operation_to_raf_opportunities_ms,ms,0,5,83.20000004768372,186.40000009536743,186.40000009536743
Atlas,SVG,mixed-5000-seed-41544c53,hit,spatial_hit_test_sync_ms,ms,0,1000,0.09999990463256836,0.19999980926513672,9.899999856948853
Atlas,SVG,mixed-5000-seed-41544c53,load,atlas_load_promise_ms,ms,0,5,47.0,53.40000009536743,53.40000009536743
Atlas,SVG,mixed-5000-seed-41544c53,load,create_to_raf_opportunities_ms,ms,0,5,176.29999995231628,196.09999990463257,196.09999990463257
Atlas,SVG,mixed-5000-seed-41544c53,load,owned_element_nodes,count,0,5,23996.0,23996.0,23996.0
Atlas,SVG,mixed-5000-seed-41544c53,load,owned_points,count,0,5,8996.0,8996.0,8996.0
Atlas,SVG,mixed-5000-seed-41544c53,load,semantic_roots,count,0,5,5000.0,5000.0,5000.0
Atlas,SVG,mixed-5000-seed-41544c53,load,svg_element_nodes,count,0,5,23994.0,23994.0,23994.0
Atlas,SVG,mixed-5000-seed-41544c53,load,visual_primitives,count,0,5,11996.0,11996.0,11996.0
Atlas,SVG,mixed-5000-seed-41544c53,miss,spatial_hit_test_sync_ms,ms,0,1000,3.799999952316284,4.0,7.200000047683716
Atlas,SVG,mixed-5000-seed-41544c53,pan,camera_api_sync_ms,ms,0,159,0.0,0.10000014305114746,0.10000014305114746
Atlas,SVG,mixed-5000-seed-41544c53,pan,camera_updates,count,0,5,32.0,34.0,34.0
Atlas,SVG,mixed-5000-seed-41544c53,pan,frame_interval_ms,ms,0,159,50.0,66.70000000001164,114.89999999999418
Atlas,SVG,mixed-5000-seed-41544c53,pan,motion_elapsed_ms,ms,0,5,1517.5,1534.5999999999767,1534.5999999999767
Atlas,SVG,mixed-5000-seed-41544c53,position-series,operation_sync_ms,ms,0,5,0.09999990463256836,0.10000014305114746,0.10000014305114746
Atlas,SVG,mixed-5000-seed-41544c53,position-series,operation_to_raf_opportunities_ms,ms,0,5,45.90000009536743,48.80000019073486,48.80000019073486
Atlas,SVG,mixed-5000-seed-41544c53,position-single,operation_sync_ms,ms,0,5,0.0,0.0,0.0
Atlas,SVG,mixed-5000-seed-41544c53,position-single,operation_to_raf_opportunities_ms,ms,0,5,55.5,58.39999985694885,58.39999985694885
Atlas,SVG,mixed-5000-seed-41544c53,remove-100,cumulative_operation_ms,ms,100,5,21.5,23.200000047683716,23.200000047683716
Atlas,SVG,mixed-5000-seed-41544c53,remove-100,operation_sync_ms,ms,0,5,21.5,23.200000047683716,23.200000047683716
Atlas,SVG,mixed-5000-seed-41544c53,remove-100,operation_to_raf_opportunities_ms,ms,0,5,72.40000009536743,75.09999990463257,75.09999990463257
Atlas,SVG,mixed-5000-seed-41544c53,remove-1000,cumulative_operation_ms,ms,100,5,15.900000095367432,22.399999856948853,22.399999856948853
Atlas,SVG,mixed-5000-seed-41544c53,remove-1000,cumulative_operation_ms,ms,200,5,33.700000047683716,39.0,39.0
Atlas,SVG,mixed-5000-seed-41544c53,remove-1000,cumulative_operation_ms,ms,300,5,49.299999952316284,54.0,54.0
Atlas,SVG,mixed-5000-seed-41544c53,remove-1000,cumulative_operation_ms,ms,400,5,64.20000004768372,69.0,69.0
Atlas,SVG,mixed-5000-seed-41544c53,remove-1000,cumulative_operation_ms,ms,500,5,78.90000009536743,83.39999985694885,83.39999985694885
Atlas,SVG,mixed-5000-seed-41544c53,remove-1000,cumulative_operation_ms,ms,600,5,93.09999990463257,97.59999990463257,97.59999990463257
Atlas,SVG,mixed-5000-seed-41544c53,remove-1000,cumulative_operation_ms,ms,700,5,106.90000009536743,111.29999995231628,111.29999995231628
Atlas,SVG,mixed-5000-seed-41544c53,remove-1000,cumulative_operation_ms,ms,800,5,120.29999995231628,124.59999990463257,124.59999990463257
Atlas,SVG,mixed-5000-seed-41544c53,remove-1000,cumulative_operation_ms,ms,900,5,133.40000009536743,138.0,138.0
Atlas,SVG,mixed-5000-seed-41544c53,remove-1000,cumulative_operation_ms,ms,1000,5,146.40000009536743,150.70000004768372,150.70000004768372
Atlas,SVG,mixed-5000-seed-41544c53,remove-1000,operation_sync_ms,ms,0,5,146.40000009536743,150.70000004768372,150.70000004768372
Atlas,SVG,mixed-5000-seed-41544c53,remove-1000,operation_to_raf_opportunities_ms,ms,0,5,189.0,194.79999995231628,194.79999995231628
Atlas,SVG,mixed-5000-seed-41544c53,remove-500,cumulative_operation_ms,ms,100,5,19.300000190734863,22.90000009536743,22.90000009536743
Atlas,SVG,mixed-5000-seed-41544c53,remove-500,cumulative_operation_ms,ms,200,5,34.80000019073486,48.799999952316284,48.799999952316284
Atlas,SVG,mixed-5000-seed-41544c53,remove-500,cumulative_operation_ms,ms,300,5,50.40000009536743,136.39999985694885,136.39999985694885
Atlas,SVG,mixed-5000-seed-41544c53,remove-500,cumulative_operation_ms,ms,400,5,65.30000019073486,151.59999990463257,151.59999990463257
Atlas,SVG,mixed-5000-seed-41544c53,remove-500,cumulative_operation_ms,ms,500,5,80.0,167.29999995231628,167.29999995231628
Atlas,SVG,mixed-5000-seed-41544c53,remove-500,operation_sync_ms,ms,0,5,80.0,167.29999995231628,167.29999995231628
Atlas,SVG,mixed-5000-seed-41544c53,remove-500,operation_to_raf_opportunities_ms,ms,0,5,130.80000019073486,222.20000004768372,222.20000004768372
Atlas,SVG,mixed-5000-seed-41544c53,route-update,operation_sync_ms,ms,0,5,0.0,0.09999990463256836,0.09999990463256836
Atlas,SVG,mixed-5000-seed-41544c53,route-update,operation_to_raf_opportunities_ms,ms,0,5,54.60000014305115,60.59999990463257,60.59999990463257
Atlas,SVG,mixed-5000-seed-41544c53,wheel-input,synthetic_wheel_dispatch_sync_ms,ms,0,50,0.0,0.10000014305114746,0.10000014305114746
Atlas,SVG,mixed-5000-seed-41544c53,zoom,camera_api_sync_ms,ms,0,138,0.0,0.10000014305114746,0.5
Atlas,SVG,mixed-5000-seed-41544c53,zoom,camera_updates,count,0,5,27.0,30.0,30.0
Atlas,SVG,mixed-5000-seed-41544c53,zoom,frame_interval_ms,ms,0,138,50.10000000000582,83.30000000001746,116.69999999999709
Atlas,SVG,mixed-5000-seed-41544c53,zoom,motion_elapsed_ms,ms,0,5,1534.600000000035,1551.3000000000175,1551.3000000000175
Atlas,SVG,points-3000-seed-41544c53,add-100,cumulative_operation_ms,ms,100,5,6.900000095367432,7.299999952316284,7.299999952316284
Atlas,SVG,points-3000-seed-41544c53,add-100,operation_sync_ms,ms,0,5,6.900000095367432,7.299999952316284,7.299999952316284
Atlas,SVG,points-3000-seed-41544c53,add-100,operation_to_raf_opportunities_ms,ms,0,5,20.0,20.700000047683716,20.700000047683716
Atlas,SVG,points-3000-seed-41544c53,add-1000,cumulative_operation_ms,ms,100,5,5.1000001430511475,6.400000095367432,6.400000095367432
Atlas,SVG,points-3000-seed-41544c53,add-1000,cumulative_operation_ms,ms,200,5,7.200000047683716,8.5,8.5
Atlas,SVG,points-3000-seed-41544c53,add-1000,cumulative_operation_ms,ms,300,5,9.399999856948853,13.200000047683716,13.200000047683716
Atlas,SVG,points-3000-seed-41544c53,add-1000,cumulative_operation_ms,ms,400,5,14.100000143051147,15.5,15.5
Atlas,SVG,points-3000-seed-41544c53,add-1000,cumulative_operation_ms,ms,500,5,16.40000009536743,17.800000190734863,17.800000190734863
Atlas,SVG,points-3000-seed-41544c53,add-1000,cumulative_operation_ms,ms,600,5,18.799999952316284,20.200000047683716,20.200000047683716
Atlas,SVG,points-3000-seed-41544c53,add-1000,cumulative_operation_ms,ms,700,5,21.299999952316284,22.90000009536743,22.90000009536743
Atlas,SVG,points-3000-seed-41544c53,add-1000,cumulative_operation_ms,ms,800,5,23.899999856948853,25.5,25.5
Atlas,SVG,points-3000-seed-41544c53,add-1000,cumulative_operation_ms,ms,900,5,26.299999952316284,28.100000143051147,28.100000143051147
Atlas,SVG,points-3000-seed-41544c53,add-1000,cumulative_operation_ms,ms,1000,5,28.899999856948853,30.700000047683716,30.700000047683716
Atlas,SVG,points-3000-seed-41544c53,add-1000,operation_sync_ms,ms,0,5,28.899999856948853,30.700000047683716,30.700000047683716
Atlas,SVG,points-3000-seed-41544c53,add-1000,operation_to_raf_opportunities_ms,ms,0,5,50.89999985694885,53.0,53.0
Atlas,SVG,points-3000-seed-41544c53,add-500,cumulative_operation_ms,ms,100,5,5.599999904632568,7.3999998569488525,7.3999998569488525
Atlas,SVG,points-3000-seed-41544c53,add-500,cumulative_operation_ms,ms,200,5,7.699999809265137,9.599999904632568,9.599999904632568
Atlas,SVG,points-3000-seed-41544c53,add-500,cumulative_operation_ms,ms,300,5,9.899999856948853,13.700000047683716,13.700000047683716
Atlas,SVG,points-3000-seed-41544c53,add-500,cumulative_operation_ms,ms,400,5,15.099999904632568,16.399999856948853,16.399999856948853
Atlas,SVG,points-3000-seed-41544c53,add-500,cumulative_operation_ms,ms,500,5,17.399999856948853,18.700000047683716,18.700000047683716
Atlas,SVG,points-3000-seed-41544c53,add-500,operation_sync_ms,ms,0,5,17.399999856948853,18.700000047683716,18.700000047683716
Atlas,SVG,points-3000-seed-41544c53,add-500,operation_to_raf_opportunities_ms,ms,0,5,35.10000014305115,35.59999990463257,35.59999990463257
Atlas,SVG,points-3000-seed-41544c53,hit,spatial_hit_test_sync_ms,ms,0,1000,0.0,0.10000014305114746,2.0
Atlas,SVG,points-3000-seed-41544c53,load,atlas_load_promise_ms,ms,0,5,11.400000095367432,13.0,13.0
Atlas,SVG,points-3000-seed-41544c53,load,create_to_raf_opportunities_ms,ms,0,5,60.30000019073486,62.09999990463257,62.09999990463257
Atlas,SVG,points-3000-seed-41544c53,load,owned_element_nodes,count,0,5,6004.0,6004.0,6004.0
Atlas,SVG,points-3000-seed-41544c53,load,owned_points,count,0,5,0.0,0.0,0.0
Atlas,SVG,points-3000-seed-41544c53,load,semantic_roots,count,0,5,3000.0,3000.0,3000.0
Atlas,SVG,points-3000-seed-41544c53,load,svg_element_nodes,count,0,5,6002.0,6002.0,6002.0
Atlas,SVG,points-3000-seed-41544c53,load,visual_primitives,count,0,5,3000.0,3000.0,3000.0
Atlas,SVG,points-3000-seed-41544c53,miss,spatial_hit_test_sync_ms,ms,0,1000,0.40000009536743164,0.5,4.700000047683716
Atlas,SVG,points-3000-seed-41544c53,pan,camera_api_sync_ms,ms,0,447,0.0,0.09999990463256836,0.20000004768371582
Atlas,SVG,points-3000-seed-41544c53,pan,camera_updates,count,0,5,90.0,90.0,90.0
Atlas,SVG,points-3000-seed-41544c53,pan,frame_interval_ms,ms,0,447,16.69999999999709,16.800000000046566,65.19999999999709
Atlas,SVG,points-3000-seed-41544c53,pan,motion_elapsed_ms,ms,0,5,1501.199999999997,1501.2000000000116,1501.2000000000116
Atlas,SVG,points-3000-seed-41544c53,position-series,operation_sync_ms,ms,0,5,0.09999990463256836,0.10000014305114746,0.10000014305114746
Atlas,SVG,points-3000-seed-41544c53,position-series,operation_to_raf_opportunities_ms,ms,0,5,15.899999856948853,20.100000143051147,20.100000143051147
Atlas,SVG,points-3000-seed-41544c53,position-single,operation_sync_ms,ms,0,5,0.0,0.0,0.0
Atlas,SVG,points-3000-seed-41544c53,position-single,operation_to_raf_opportunities_ms,ms,0,5,17.699999809265137,18.100000143051147,18.100000143051147
Atlas,SVG,points-3000-seed-41544c53,remove-100,cumulative_operation_ms,ms,100,5,9.5,13.600000143051147,13.600000143051147
Atlas,SVG,points-3000-seed-41544c53,remove-100,operation_sync_ms,ms,0,5,9.5,13.600000143051147,13.600000143051147
Atlas,SVG,points-3000-seed-41544c53,remove-100,operation_to_raf_opportunities_ms,ms,0,5,24.100000143051147,25.700000047683716,25.700000047683716
Atlas,SVG,points-3000-seed-41544c53,remove-1000,cumulative_operation_ms,ms,100,5,9.600000143051147,12.300000190734863,12.300000190734863
Atlas,SVG,points-3000-seed-41544c53,remove-1000,cumulative_operation_ms,ms,200,5,20.5,21.299999952316284,21.299999952316284
Atlas,SVG,points-3000-seed-41544c53,remove-1000,cumulative_operation_ms,ms,300,5,29.300000190734863,30.0,30.0
Atlas,SVG,points-3000-seed-41544c53,remove-1000,cumulative_operation_ms,ms,400,5,37.80000019073486,41.200000047683716,41.200000047683716
Atlas,SVG,points-3000-seed-41544c53,remove-1000,cumulative_operation_ms,ms,500,5,48.0,49.200000047683716,49.200000047683716
Atlas,SVG,points-3000-seed-41544c53,remove-1000,cumulative_operation_ms,ms,600,5,55.80000019073486,57.10000014305115,57.10000014305115
Atlas,SVG,points-3000-seed-41544c53,remove-1000,cumulative_operation_ms,ms,700,5,63.30000019073486,64.80000019073486,64.80000019073486
Atlas,SVG,points-3000-seed-41544c53,remove-1000,cumulative_operation_ms,ms,800,5,70.60000014305115,72.10000014305115,72.10000014305115
Atlas,SVG,points-3000-seed-41544c53,remove-1000,cumulative_operation_ms,ms,900,5,77.5,79.0,79.0
Atlas,SVG,points-3000-seed-41544c53,remove-1000,cumulative_operation_ms,ms,1000,5,84.30000019073486,85.70000004768372,85.70000004768372
Atlas,SVG,points-3000-seed-41544c53,remove-1000,operation_sync_ms,ms,0,5,84.30000019073486,85.70000004768372,85.70000004768372
Atlas,SVG,points-3000-seed-41544c53,remove-1000,operation_to_raf_opportunities_ms,ms,0,5,93.30000019073486,102.20000004768372,102.20000004768372
Atlas,SVG,points-3000-seed-41544c53,remove-500,cumulative_operation_ms,ms,100,5,9.5,12.5,12.5
Atlas,SVG,points-3000-seed-41544c53,remove-500,cumulative_operation_ms,ms,200,5,20.799999952316284,21.699999809265137,21.699999809265137
Atlas,SVG,points-3000-seed-41544c53,remove-500,cumulative_operation_ms,ms,300,5,29.40000009536743,30.299999952316284,30.299999952316284
Atlas,SVG,points-3000-seed-41544c53,remove-500,cumulative_operation_ms,ms,400,5,37.80000019073486,41.59999990463257,41.59999990463257
Atlas,SVG,points-3000-seed-41544c53,remove-500,cumulative_operation_ms,ms,500,5,48.30000019073486,49.89999985694885,49.89999985694885
Atlas,SVG,points-3000-seed-41544c53,remove-500,operation_sync_ms,ms,0,5,48.30000019073486,49.89999985694885,49.89999985694885
Atlas,SVG,points-3000-seed-41544c53,remove-500,operation_to_raf_opportunities_ms,ms,0,5,58.799999952316284,60.799999952316284,60.799999952316284
Atlas,SVG,points-3000-seed-41544c53,wheel-input,synthetic_wheel_dispatch_sync_ms,ms,0,50,0.0,0.10000014305114746,0.10000014305114746
Atlas,SVG,points-3000-seed-41544c53,zoom,camera_api_sync_ms,ms,0,442,0.0,0.09999990463256836,0.10000014305114746
Atlas,SVG,points-3000-seed-41544c53,zoom,camera_updates,count,0,5,90.0,90.0,90.0
Atlas,SVG,points-3000-seed-41544c53,zoom,frame_interval_ms,ms,0,442,16.69999999999709,17.0,133.39999999996508
Atlas,SVG,points-3000-seed-41544c53,zoom,motion_elapsed_ms,ms,0,5,1501.2999999999884,1517.8999999999942,1517.8999999999942
Atlas,SVG,points-5000-seed-41544c53,add-100,cumulative_operation_ms,ms,100,5,6.400000095367432,7.0,7.0
Atlas,SVG,points-5000-seed-41544c53,add-100,operation_sync_ms,ms,0,5,6.400000095367432,7.0,7.0
Atlas,SVG,points-5000-seed-41544c53,add-100,operation_to_raf_opportunities_ms,ms,0,5,26.40000009536743,27.40000009536743,27.40000009536743
Atlas,SVG,points-5000-seed-41544c53,add-1000,cumulative_operation_ms,ms,100,5,3.5,6.200000047683716,6.200000047683716
Atlas,SVG,points-5000-seed-41544c53,add-1000,cumulative_operation_ms,ms,200,5,10.099999904632568,13.200000047683716,13.200000047683716
Atlas,SVG,points-5000-seed-41544c53,add-1000,cumulative_operation_ms,ms,300,5,16.300000190734863,16.5,16.5
Atlas,SVG,points-5000-seed-41544c53,add-1000,cumulative_operation_ms,ms,400,5,19.700000047683716,20.200000047683716,20.200000047683716
Atlas,SVG,points-5000-seed-41544c53,add-1000,cumulative_operation_ms,ms,500,5,23.40000009536743,23.700000047683716,23.700000047683716
Atlas,SVG,points-5000-seed-41544c53,add-1000,cumulative_operation_ms,ms,600,5,27.0,27.399999856948853,27.399999856948853
Atlas,SVG,points-5000-seed-41544c53,add-1000,cumulative_operation_ms,ms,700,5,30.600000143051147,30.899999856948853,30.899999856948853
Atlas,SVG,points-5000-seed-41544c53,add-1000,cumulative_operation_ms,ms,800,5,34.200000047683716,34.59999990463257,34.59999990463257
Atlas,SVG,points-5000-seed-41544c53,add-1000,cumulative_operation_ms,ms,900,5,38.0,38.299999952316284,38.299999952316284
Atlas,SVG,points-5000-seed-41544c53,add-1000,cumulative_operation_ms,ms,1000,5,41.80000019073486,42.09999990463257,42.09999990463257
Atlas,SVG,points-5000-seed-41544c53,add-1000,operation_sync_ms,ms,0,5,41.80000019073486,42.09999990463257,42.09999990463257
Atlas,SVG,points-5000-seed-41544c53,add-1000,operation_to_raf_opportunities_ms,ms,0,5,70.59999990463257,75.89999985694885,75.89999985694885
Atlas,SVG,points-5000-seed-41544c53,add-500,cumulative_operation_ms,ms,100,5,6.299999952316284,7.5,7.5
Atlas,SVG,points-5000-seed-41544c53,add-500,cumulative_operation_ms,ms,200,5,10.399999856948853,13.600000143051147,13.600000143051147
Atlas,SVG,points-5000-seed-41544c53,add-500,cumulative_operation_ms,ms,300,5,17.0,18.399999856948853,18.399999856948853
Atlas,SVG,points-5000-seed-41544c53,add-500,cumulative_operation_ms,ms,400,5,20.700000047683716,21.899999856948853,21.899999856948853
Atlas,SVG,points-5000-seed-41544c53,add-500,cumulative_operation_ms,ms,500,5,24.200000047683716,25.59999990463257,25.59999990463257
Atlas,SVG,points-5000-seed-41544c53,add-500,operation_sync_ms,ms,0,5,24.200000047683716,25.59999990463257,25.59999990463257
Atlas,SVG,points-5000-seed-41544c53,add-500,operation_to_raf_opportunities_ms,ms,0,5,49.60000014305115,50.60000014305115,50.60000014305115
Atlas,SVG,points-5000-seed-41544c53,hit,spatial_hit_test_sync_ms,ms,0,1000,0.0,0.10000014305114746,3.0
Atlas,SVG,points-5000-seed-41544c53,load,atlas_load_promise_ms,ms,0,5,16.59999990463257,20.40000009536743,20.40000009536743
Atlas,SVG,points-5000-seed-41544c53,load,create_to_raf_opportunities_ms,ms,0,5,66.20000004768372,81.09999990463257,81.09999990463257
Atlas,SVG,points-5000-seed-41544c53,load,owned_element_nodes,count,0,5,10004.0,10004.0,10004.0
Atlas,SVG,points-5000-seed-41544c53,load,owned_points,count,0,5,0.0,0.0,0.0
Atlas,SVG,points-5000-seed-41544c53,load,semantic_roots,count,0,5,5000.0,5000.0,5000.0
Atlas,SVG,points-5000-seed-41544c53,load,svg_element_nodes,count,0,5,10002.0,10002.0,10002.0
Atlas,SVG,points-5000-seed-41544c53,load,visual_primitives,count,0,5,5000.0,5000.0,5000.0
Atlas,SVG,points-5000-seed-41544c53,miss,spatial_hit_test_sync_ms,ms,0,1000,0.7999999523162842,0.9000000953674316,8.200000047683716
Atlas,SVG,points-5000-seed-41544c53,pan,camera_api_sync_ms,ms,0,410,0.0,0.09999990463256836,0.10000014305114746
Atlas,SVG,points-5000-seed-41544c53,pan,camera_updates,count,0,5,84.0,84.0,84.0
Atlas,SVG,points-5000-seed-41544c53,pan,frame_interval_ms,ms,0,410,16.70000000001164,33.30000000001746,50.0
Atlas,SVG,points-5000-seed-41544c53,pan,motion_elapsed_ms,ms,0,5,1501.2000000000116,1517.8999999999942,1517.8999999999942
Atlas,SVG,points-5000-seed-41544c53,position-series,operation_sync_ms,ms,0,5,0.10000014305114746,0.20000004768371582,0.20000004768371582
Atlas,SVG,points-5000-seed-41544c53,position-series,operation_to_raf_opportunities_ms,ms,0,5,18.5,23.899999856948853,23.899999856948853
Atlas,SVG,points-5000-seed-41544c53,position-single,operation_sync_ms,ms,0,5,0.0,0.10000014305114746,0.10000014305114746
Atlas,SVG,points-5000-seed-41544c53,position-single,operation_to_raf_opportunities_ms,ms,0,5,17.0,18.799999952316284,18.799999952316284
Atlas,SVG,points-5000-seed-41544c53,remove-100,cumulative_operation_ms,ms,100,5,18.5,19.40000009536743,19.40000009536743
Atlas,SVG,points-5000-seed-41544c53,remove-100,operation_sync_ms,ms,0,5,18.5,19.40000009536743,19.40000009536743
Atlas,SVG,points-5000-seed-41544c53,remove-100,operation_to_raf_opportunities_ms,ms,0,5,36.59999990463257,38.40000009536743,38.40000009536743
Atlas,SVG,points-5000-seed-41544c53,remove-1000,cumulative_operation_ms,ms,100,5,18.700000047683716,19.100000143051147,19.100000143051147
Atlas,SVG,points-5000-seed-41544c53,remove-1000,cumulative_operation_ms,ms,200,5,34.200000047683716,38.0,38.0
Atlas,SVG,points-5000-seed-41544c53,remove-1000,cumulative_operation_ms,ms,300,5,53.0,53.5,53.5
Atlas,SVG,points-5000-seed-41544c53,remove-1000,cumulative_operation_ms,ms,400,5,67.90000009536743,68.40000009536743,68.40000009536743
Atlas,SVG,points-5000-seed-41544c53,remove-1000,cumulative_operation_ms,ms,500,5,82.5,83.10000014305115,83.10000014305115
Atlas,SVG,points-5000-seed-41544c53,remove-1000,cumulative_operation_ms,ms,600,5,97.0,97.20000004768372,97.20000004768372
Atlas,SVG,points-5000-seed-41544c53,remove-1000,cumulative_operation_ms,ms,700,5,110.60000014305115,110.80000019073486,110.80000019073486
Atlas,SVG,points-5000-seed-41544c53,remove-1000,cumulative_operation_ms,ms,800,5,124.0,124.20000004768372,124.20000004768372
Atlas,SVG,points-5000-seed-41544c53,remove-1000,cumulative_operation_ms,ms,900,5,137.29999995231628,137.30000019073486,137.30000019073486
Atlas,SVG,points-5000-seed-41544c53,remove-1000,cumulative_operation_ms,ms,1000,5,150.10000014305115,150.20000004768372,150.20000004768372
Atlas,SVG,points-5000-seed-41544c53,remove-1000,operation_sync_ms,ms,0,5,150.10000014305115,150.20000004768372,150.20000004768372
Atlas,SVG,points-5000-seed-41544c53,remove-1000,operation_to_raf_opportunities_ms,ms,0,5,166.29999995231628,166.40000009536743,166.40000009536743
Atlas,SVG,points-5000-seed-41544c53,remove-500,cumulative_operation_ms,ms,100,5,15.799999952316284,18.799999952316284,18.799999952316284
Atlas,SVG,points-5000-seed-41544c53,remove-500,cumulative_operation_ms,ms,200,5,34.5,34.799999952316284,34.799999952316284
Atlas,SVG,points-5000-seed-41544c53,remove-500,cumulative_operation_ms,ms,300,5,50.60000014305115,53.299999952316284,53.299999952316284
Atlas,SVG,points-5000-seed-41544c53,remove-500,cumulative_operation_ms,ms,400,5,65.5,68.29999995231628,68.29999995231628
Atlas,SVG,points-5000-seed-41544c53,remove-500,cumulative_operation_ms,ms,500,5,80.20000004768372,83.20000004768372,83.20000004768372
Atlas,SVG,points-5000-seed-41544c53,remove-500,operation_sync_ms,ms,0,5,80.20000004768372,83.20000004768372,83.20000004768372
Atlas,SVG,points-5000-seed-41544c53,remove-500,operation_to_raf_opportunities_ms,ms,0,5,97.79999995231628,101.0,101.0
Atlas,SVG,points-5000-seed-41544c53,wheel-input,synthetic_wheel_dispatch_sync_ms,ms,0,50,0.0,0.10000014305114746,0.20000004768371582
Atlas,SVG,points-5000-seed-41544c53,zoom,camera_api_sync_ms,ms,0,344,0.0,0.10000014305114746,0.10000014305114746
Atlas,SVG,points-5000-seed-41544c53,zoom,camera_updates,count,0,5,68.0,73.0,73.0
Atlas,SVG,points-5000-seed-41544c53,zoom,frame_interval_ms,ms,0,344,16.70000000001164,33.40000000002328,66.79999999998836
Atlas,SVG,points-5000-seed-41544c53,zoom,motion_elapsed_ms,ms,0,5,1517.8999999999942,1551.2999999999884,1551.2999999999884
Leaflet,Canvas,mixed-3000-seed-41544c53,add-100,cumulative_operation_ms,ms,100,5,0.09999990463256836,0.19999980926513672,0.19999980926513672
Leaflet,Canvas,mixed-3000-seed-41544c53,add-100,operation_sync_ms,ms,0,5,0.09999990463256836,0.19999980926513672,0.19999980926513672
Leaflet,Canvas,mixed-3000-seed-41544c53,add-100,operation_to_raf_opportunities_ms,ms,0,5,44.10000014305115,45.799999952316284,45.799999952316284
Leaflet,Canvas,mixed-3000-seed-41544c53,add-1000,cumulative_operation_ms,ms,100,5,0.09999990463256836,0.20000004768371582,0.20000004768371582
Leaflet,Canvas,mixed-3000-seed-41544c53,add-1000,cumulative_operation_ms,ms,200,5,0.20000004768371582,0.20000004768371582,0.20000004768371582
Leaflet,Canvas,mixed-3000-seed-41544c53,add-1000,cumulative_operation_ms,ms,300,5,0.2999999523162842,0.40000009536743164,0.40000009536743164
Leaflet,Canvas,mixed-3000-seed-41544c53,add-1000,cumulative_operation_ms,ms,400,5,0.40000009536743164,0.5,0.5
Leaflet,Canvas,mixed-3000-seed-41544c53,add-1000,cumulative_operation_ms,ms,500,5,0.40000009536743164,0.5,0.5
Leaflet,Canvas,mixed-3000-seed-41544c53,add-1000,cumulative_operation_ms,ms,600,5,0.5,0.5999999046325684,0.5999999046325684
Leaflet,Canvas,mixed-3000-seed-41544c53,add-1000,cumulative_operation_ms,ms,700,5,0.6000001430511475,0.7000000476837158,0.7000000476837158
Leaflet,Canvas,mixed-3000-seed-41544c53,add-1000,cumulative_operation_ms,ms,800,5,0.7000000476837158,0.7000000476837158,0.7000000476837158
Leaflet,Canvas,mixed-3000-seed-41544c53,add-1000,cumulative_operation_ms,ms,900,5,0.7999999523162842,0.9000000953674316,0.9000000953674316
Leaflet,Canvas,mixed-3000-seed-41544c53,add-1000,cumulative_operation_ms,ms,1000,5,0.7999999523162842,1.0,1.0
Leaflet,Canvas,mixed-3000-seed-41544c53,add-1000,operation_sync_ms,ms,0,5,0.7999999523162842,1.0,1.0
Leaflet,Canvas,mixed-3000-seed-41544c53,add-1000,operation_to_raf_opportunities_ms,ms,0,5,48.799999952316284,52.200000047683716,52.200000047683716
Leaflet,Canvas,mixed-3000-seed-41544c53,add-500,cumulative_operation_ms,ms,100,5,0.10000014305114746,0.10000014305114746,0.10000014305114746
Leaflet,Canvas,mixed-3000-seed-41544c53,add-500,cumulative_operation_ms,ms,200,5,0.20000004768371582,0.20000004768371582,0.20000004768371582
Leaflet,Canvas,mixed-3000-seed-41544c53,add-500,cumulative_operation_ms,ms,300,5,0.2999999523162842,0.3000001907348633,0.3000001907348633
Leaflet,Canvas,mixed-3000-seed-41544c53,add-500,cumulative_operation_ms,ms,400,5,0.2999999523162842,0.40000009536743164,0.40000009536743164
Leaflet,Canvas,mixed-3000-seed-41544c53,add-500,cumulative_operation_ms,ms,500,5,0.40000009536743164,0.5,0.5
Leaflet,Canvas,mixed-3000-seed-41544c53,add-500,operation_sync_ms,ms,0,5,0.40000009536743164,0.5,0.5
Leaflet,Canvas,mixed-3000-seed-41544c53,add-500,operation_to_raf_opportunities_ms,ms,0,5,45.39999985694885,45.799999952316284,45.799999952316284
Leaflet,Canvas,mixed-3000-seed-41544c53,load,create_to_raf_opportunities_ms,ms,0,5,69.0,79.09999990463257,79.09999990463257
Leaflet,Canvas,mixed-3000-seed-41544c53,load,leaflet_scene_setup_ms,ms,0,5,9.599999904632568,9.899999856948853,9.899999856948853
Leaflet,Canvas,mixed-3000-seed-41544c53,load,owned_element_nodes,count,0,5,15.0,15.0,15.0
Leaflet,Canvas,mixed-3000-seed-41544c53,load,owned_points,count,0,5,5400.0,5400.0,5400.0
Leaflet,Canvas,mixed-3000-seed-41544c53,load,semantic_roots,count,0,5,3000.0,3000.0,3000.0
Leaflet,Canvas,mixed-3000-seed-41544c53,load,visual_primitives,count,0,5,7200.0,7200.0,7200.0
Leaflet,Canvas,mixed-3000-seed-41544c53,pan,camera_api_sync_ms,ms,0,232,4.0,4.299999952316284,5.1000001430511475
Leaflet,Canvas,mixed-3000-seed-41544c53,pan,camera_updates,count,0,5,36.0,90.0,90.0
Leaflet,Canvas,mixed-3000-seed-41544c53,pan,frame_interval_ms,ms,0,232,33.30000000000291,50.100000000034925,52.0
Leaflet,Canvas,mixed-3000-seed-41544c53,pan,motion_elapsed_ms,ms,0,5,1517.8999999999942,1534.5,1534.5
Leaflet,Canvas,mixed-3000-seed-41544c53,position-series,operation_sync_ms,ms,0,5,0.10000014305114746,0.20000004768371582,0.20000004768371582
Leaflet,Canvas,mixed-3000-seed-41544c53,position-series,operation_to_raf_opportunities_ms,ms,0,5,42.200000047683716,42.5,42.5
Leaflet,Canvas,mixed-3000-seed-41544c53,position-single,operation_sync_ms,ms,0,5,0.0,0.0,0.0
Leaflet,Canvas,mixed-3000-seed-41544c53,position-single,operation_to_raf_opportunities_ms,ms,0,5,10.600000143051147,17.90000009536743,17.90000009536743
Leaflet,Canvas,mixed-3000-seed-41544c53,remove-100,cumulative_operation_ms,ms,100,5,0.19999980926513672,0.2999999523162842,0.2999999523162842
Leaflet,Canvas,mixed-3000-seed-41544c53,remove-100,operation_sync_ms,ms,0,5,0.2999999523162842,0.2999999523162842,0.2999999523162842
Leaflet,Canvas,mixed-3000-seed-41544c53,remove-100,operation_to_raf_opportunities_ms,ms,0,5,40.89999985694885,41.09999990463257,41.09999990463257
Leaflet,Canvas,mixed-3000-seed-41544c53,remove-1000,cumulative_operation_ms,ms,100,5,0.09999990463256836,0.19999980926513672,0.19999980926513672
Leaflet,Canvas,mixed-3000-seed-41544c53,remove-1000,cumulative_operation_ms,ms,200,5,0.2999999523162842,0.2999999523162842,0.2999999523162842
Leaflet,Canvas,mixed-3000-seed-41544c53,remove-1000,cumulative_operation_ms,ms,300,5,0.39999985694885254,0.40000009536743164,0.40000009536743164
Leaflet,Canvas,mixed-3000-seed-41544c53,remove-1000,cumulative_operation_ms,ms,400,5,0.5,0.5999999046325684,0.5999999046325684
Leaflet,Canvas,mixed-3000-seed-41544c53,remove-1000,cumulative_operation_ms,ms,500,5,0.5999999046325684,0.7000000476837158,0.7000000476837158
Leaflet,Canvas,mixed-3000-seed-41544c53,remove-1000,cumulative_operation_ms,ms,600,5,0.6999998092651367,0.7999999523162842,0.7999999523162842
Leaflet,Canvas,mixed-3000-seed-41544c53,remove-1000,cumulative_operation_ms,ms,700,5,0.7999999523162842,1.0,1.0
Leaflet,Canvas,mixed-3000-seed-41544c53,remove-1000,cumulative_operation_ms,ms,800,5,0.9000000953674316,1.0,1.0
Leaflet,Canvas,mixed-3000-seed-41544c53,remove-1000,cumulative_operation_ms,ms,900,5,1.0,1.0999999046325684,1.0999999046325684
Leaflet,Canvas,mixed-3000-seed-41544c53,remove-1000,cumulative_operation_ms,ms,1000,5,1.0999999046325684,1.2000000476837158,1.2000000476837158
Leaflet,Canvas,mixed-3000-seed-41544c53,remove-1000,operation_sync_ms,ms,0,5,1.2000000476837158,1.2999999523162842,1.2999999523162842
Leaflet,Canvas,mixed-3000-seed-41544c53,remove-1000,operation_to_raf_opportunities_ms,ms,0,5,29.40000009536743,31.299999952316284,31.299999952316284
Leaflet,Canvas,mixed-3000-seed-41544c53,remove-500,cumulative_operation_ms,ms,100,5,0.09999990463256836,0.2999999523162842,0.2999999523162842
Leaflet,Canvas,mixed-3000-seed-41544c53,remove-500,cumulative_operation_ms,ms,200,5,0.2999999523162842,0.40000009536743164,0.40000009536743164
Leaflet,Canvas,mixed-3000-seed-41544c53,remove-500,cumulative_operation_ms,ms,300,5,0.40000009536743164,0.5,0.5
Leaflet,Canvas,mixed-3000-seed-41544c53,remove-500,cumulative_operation_ms,ms,400,5,0.5,0.6000001430511475,0.6000001430511475
Leaflet,Canvas,mixed-3000-seed-41544c53,remove-500,cumulative_operation_ms,ms,500,5,0.7000000476837158,0.7000000476837158,0.7000000476837158
Leaflet,Canvas,mixed-3000-seed-41544c53,remove-500,operation_sync_ms,ms,0,5,0.7999999523162842,0.7999999523162842,0.7999999523162842
Leaflet,Canvas,mixed-3000-seed-41544c53,remove-500,operation_to_raf_opportunities_ms,ms,0,5,35.799999952316284,36.0,36.0
Leaflet,Canvas,mixed-3000-seed-41544c53,route-update,operation_sync_ms,ms,0,5,0.8000001907348633,0.9000000953674316,0.9000000953674316
Leaflet,Canvas,mixed-3000-seed-41544c53,route-update,operation_to_raf_opportunities_ms,ms,0,5,42.799999952316284,45.40000009536743,45.40000009536743
Leaflet,Canvas,mixed-3000-seed-41544c53,zoom,camera_api_sync_ms,ms,0,304,6.300000190734863,7.799999952316284,10.0
Leaflet,Canvas,mixed-3000-seed-41544c53,zoom,camera_updates,count,0,5,54.0,90.0,90.0
Leaflet,Canvas,mixed-3000-seed-41544c53,zoom,frame_interval_ms,ms,0,304,16.70000000001164,50.09999999997672,51.89999999999418
Leaflet,Canvas,mixed-3000-seed-41544c53,zoom,motion_elapsed_ms,ms,0,5,1501.3000000000175,1534.5999999999767,1534.5999999999767
Leaflet,Canvas,mixed-5000-seed-41544c53,add-100,cumulative_operation_ms,ms,100,5,0.19999980926513672,0.20000004768371582,0.20000004768371582
Leaflet,Canvas,mixed-5000-seed-41544c53,add-100,operation_sync_ms,ms,0,5,0.19999980926513672,0.20000004768371582,0.20000004768371582
Leaflet,Canvas,mixed-5000-seed-41544c53,add-100,operation_to_raf_opportunities_ms,ms,0,5,70.59999990463257,71.0,71.0
Leaflet,Canvas,mixed-5000-seed-41544c53,add-1000,cumulative_operation_ms,ms,100,5,0.20000004768371582,0.20000004768371582,0.20000004768371582
Leaflet,Canvas,mixed-5000-seed-41544c53,add-1000,cumulative_operation_ms,ms,200,5,0.2999999523162842,0.3000001907348633,0.3000001907348633
Leaflet,Canvas,mixed-5000-seed-41544c53,add-1000,cumulative_operation_ms,ms,300,5,0.2999999523162842,0.39999985694885254,0.39999985694885254
Leaflet,Canvas,mixed-5000-seed-41544c53,add-1000,cumulative_operation_ms,ms,400,5,0.40000009536743164,0.5,0.5
Leaflet,Canvas,mixed-5000-seed-41544c53,add-1000,cumulative_operation_ms,ms,500,5,0.5,0.6000001430511475,0.6000001430511475
Leaflet,Canvas,mixed-5000-seed-41544c53,add-1000,cumulative_operation_ms,ms,600,5,0.5999999046325684,0.7000000476837158,0.7000000476837158
Leaflet,Canvas,mixed-5000-seed-41544c53,add-1000,cumulative_operation_ms,ms,700,5,0.7000000476837158,0.7000000476837158,0.7000000476837158
Leaflet,Canvas,mixed-5000-seed-41544c53,add-1000,cumulative_operation_ms,ms,800,5,0.7999999523162842,0.8000001907348633,0.8000001907348633
Leaflet,Canvas,mixed-5000-seed-41544c53,add-1000,cumulative_operation_ms,ms,900,5,0.7999999523162842,0.9000000953674316,0.9000000953674316
Leaflet,Canvas,mixed-5000-seed-41544c53,add-1000,cumulative_operation_ms,ms,1000,5,1.0,1.0,1.0
Leaflet,Canvas,mixed-5000-seed-41544c53,add-1000,operation_sync_ms,ms,0,5,1.0,1.0,1.0
Leaflet,Canvas,mixed-5000-seed-41544c53,add-1000,operation_to_raf_opportunities_ms,ms,0,5,76.40000009536743,76.70000004768372,76.70000004768372
Leaflet,Canvas,mixed-5000-seed-41544c53,add-500,cumulative_operation_ms,ms,100,5,0.10000014305114746,0.19999980926513672,0.19999980926513672
Leaflet,Canvas,mixed-5000-seed-41544c53,add-500,cumulative_operation_ms,ms,200,5,0.20000004768371582,0.2999999523162842,0.2999999523162842
Leaflet,Canvas,mixed-5000-seed-41544c53,add-500,cumulative_operation_ms,ms,300,5,0.2999999523162842,0.39999985694885254,0.39999985694885254
Leaflet,Canvas,mixed-5000-seed-41544c53,add-500,cumulative_operation_ms,ms,400,5,0.39999985694885254,0.5,0.5
Leaflet,Canvas,mixed-5000-seed-41544c53,add-500,cumulative_operation_ms,ms,500,5,0.5,0.5,0.5
Leaflet,Canvas,mixed-5000-seed-41544c53,add-500,operation_sync_ms,ms,0,5,0.5,0.5,0.5
Leaflet,Canvas,mixed-5000-seed-41544c53,add-500,operation_to_raf_opportunities_ms,ms,0,5,72.70000004768372,73.5,73.5
Leaflet,Canvas,mixed-5000-seed-41544c53,load,create_to_raf_opportunities_ms,ms,0,5,92.30000019073486,110.0,110.0
Leaflet,Canvas,mixed-5000-seed-41544c53,load,leaflet_scene_setup_ms,ms,0,5,18.899999856948853,31.699999809265137,31.699999809265137
Leaflet,Canvas,mixed-5000-seed-41544c53,load,owned_element_nodes,count,0,5,15.0,15.0,15.0
Leaflet,Canvas,mixed-5000-seed-41544c53,load,owned_points,count,0,5,8996.0,8996.0,8996.0
Leaflet,Canvas,mixed-5000-seed-41544c53,load,semantic_roots,count,0,5,5000.0,5000.0,5000.0
Leaflet,Canvas,mixed-5000-seed-41544c53,load,visual_primitives,count,0,5,11996.0,11996.0,11996.0
Leaflet,Canvas,mixed-5000-seed-41544c53,pan,camera_api_sync_ms,ms,0,178,6.400000095367432,7.1000001430511475,8.900000095367432
Leaflet,Canvas,mixed-5000-seed-41544c53,pan,camera_updates,count,0,5,22.0,90.0,90.0
Leaflet,Canvas,mixed-5000-seed-41544c53,pan,frame_interval_ms,ms,0,178,16.80000000000291,83.40000000002328,83.5
Leaflet,Canvas,mixed-5000-seed-41544c53,pan,motion_elapsed_ms,ms,0,5,1517.5,1518.0,1518.0
Leaflet,Canvas,mixed-5000-seed-41544c53,position-series,operation_sync_ms,ms,0,5,0.10000014305114746,0.10000014305114746,0.10000014305114746
Leaflet,Canvas,mixed-5000-seed-41544c53,position-series,operation_to_raf_opportunities_ms,ms,0,5,70.10000014305115,72.60000014305115,72.60000014305115
Leaflet,Canvas,mixed-5000-seed-41544c53,position-single,operation_sync_ms,ms,0,5,0.0,0.10000014305114746,0.10000014305114746
Leaflet,Canvas,mixed-5000-seed-41544c53,position-single,operation_to_raf_opportunities_ms,ms,0,5,7.599999904632568,8.400000095367432,8.400000095367432
Leaflet,Canvas,mixed-5000-seed-41544c53,remove-100,cumulative_operation_ms,ms,100,5,0.20000004768371582,0.3000001907348633,0.3000001907348633
Leaflet,Canvas,mixed-5000-seed-41544c53,remove-100,operation_sync_ms,ms,0,5,0.2999999523162842,0.40000009536743164,0.40000009536743164
Leaflet,Canvas,mixed-5000-seed-41544c53,remove-100,operation_to_raf_opportunities_ms,ms,0,5,68.29999995231628,73.90000009536743,73.90000009536743
Leaflet,Canvas,mixed-5000-seed-41544c53,remove-1000,cumulative_operation_ms,ms,100,5,0.20000004768371582,0.20000004768371582,0.20000004768371582
Leaflet,Canvas,mixed-5000-seed-41544c53,remove-1000,cumulative_operation_ms,ms,200,5,0.3000001907348633,0.40000009536743164,0.40000009536743164
Leaflet,Canvas,mixed-5000-seed-41544c53,remove-1000,cumulative_operation_ms,ms,300,5,0.40000009536743164,0.5,0.5
Leaflet,Canvas,mixed-5000-seed-41544c53,remove-1000,cumulative_operation_ms,ms,400,5,0.5,0.7000000476837158,0.7000000476837158
Leaflet,Canvas,mixed-5000-seed-41544c53,remove-1000,cumulative_operation_ms,ms,500,5,0.6000001430511475,0.7999999523162842,0.7999999523162842
Leaflet,Canvas,mixed-5000-seed-41544c53,remove-1000,cumulative_operation_ms,ms,600,5,0.7000000476837158,0.9000000953674316,0.9000000953674316
Leaflet,Canvas,mixed-5000-seed-41544c53,remove-1000,cumulative_operation_ms,ms,700,5,0.9000000953674316,1.0,1.0
Leaflet,Canvas,mixed-5000-seed-41544c53,remove-1000,cumulative_operation_ms,ms,800,5,1.0,1.1000001430511475,1.1000001430511475
Leaflet,Canvas,mixed-5000-seed-41544c53,remove-1000,cumulative_operation_ms,ms,900,5,1.1000001430511475,1.2000000476837158,1.2000000476837158
Leaflet,Canvas,mixed-5000-seed-41544c53,remove-1000,cumulative_operation_ms,ms,1000,5,1.2000000476837158,1.2999999523162842,1.2999999523162842
Leaflet,Canvas,mixed-5000-seed-41544c53,remove-1000,operation_sync_ms,ms,0,5,1.2999999523162842,1.4000000953674316,1.4000000953674316
Leaflet,Canvas,mixed-5000-seed-41544c53,remove-1000,operation_to_raf_opportunities_ms,ms,0,5,57.10000014305115,63.0,63.0
Leaflet,Canvas,mixed-5000-seed-41544c53,remove-500,cumulative_operation_ms,ms,100,5,0.20000004768371582,0.20000004768371582,0.20000004768371582
Leaflet,Canvas,mixed-5000-seed-41544c53,remove-500,cumulative_operation_ms,ms,200,5,0.20000004768371582,0.3000001907348633,0.3000001907348633
Leaflet,Canvas,mixed-5000-seed-41544c53,remove-500,cumulative_operation_ms,ms,300,5,0.39999985694885254,0.5,0.5
Leaflet,Canvas,mixed-5000-seed-41544c53,remove-500,cumulative_operation_ms,ms,400,5,0.5,0.6000001430511475,0.6000001430511475
Leaflet,Canvas,mixed-5000-seed-41544c53,remove-500,cumulative_operation_ms,ms,500,5,0.6000001430511475,0.7000000476837158,0.7000000476837158
Leaflet,Canvas,mixed-5000-seed-41544c53,remove-500,operation_sync_ms,ms,0,5,0.7000000476837158,0.8000001907348633,0.8000001907348633
Leaflet,Canvas,mixed-5000-seed-41544c53,remove-500,operation_to_raf_opportunities_ms,ms,0,5,64.5,68.89999985694885,68.89999985694885
Leaflet,Canvas,mixed-5000-seed-41544c53,route-update,operation_sync_ms,ms,0,5,1.2999999523162842,3.4000000953674316,3.4000000953674316
Leaflet,Canvas,mixed-5000-seed-41544c53,route-update,operation_to_raf_opportunities_ms,ms,0,5,71.0,73.60000014305115,73.60000014305115
Leaflet,Canvas,mixed-5000-seed-41544c53,zoom,camera_api_sync_ms,ms,0,220,11.399999856948853,16.09999990463257,38.90000009536743
Leaflet,Canvas,mixed-5000-seed-41544c53,zoom,camera_updates,count,0,5,33.0,90.0,90.0
Leaflet,Canvas,mixed-5000-seed-41544c53,zoom,frame_interval_ms,ms,0,220,33.29999999998836,83.39999999999418,100.10000000003492
Leaflet,Canvas,mixed-5000-seed-41544c53,zoom,motion_elapsed_ms,ms,0,5,1551.2999999999884,1568.0,1568.0
Leaflet,Canvas,points-3000-seed-41544c53,add-100,cumulative_operation_ms,ms,100,5,0.19999980926513672,0.20000004768371582,0.20000004768371582
Leaflet,Canvas,points-3000-seed-41544c53,add-100,operation_sync_ms,ms,0,5,0.19999980926513672,0.20000004768371582,0.20000004768371582
Leaflet,Canvas,points-3000-seed-41544c53,add-100,operation_to_raf_opportunities_ms,ms,0,5,24.600000143051147,25.399999856948853,25.399999856948853
Leaflet,Canvas,points-3000-seed-41544c53,add-1000,cumulative_operation_ms,ms,100,5,0.10000014305114746,0.20000004768371582,0.20000004768371582
Leaflet,Canvas,points-3000-seed-41544c53,add-1000,cumulative_operation_ms,ms,200,5,0.20000004768371582,0.3000001907348633,0.3000001907348633
Leaflet,Canvas,points-3000-seed-41544c53,add-1000,cumulative_operation_ms,ms,300,5,0.2999999523162842,0.39999985694885254,0.39999985694885254
Leaflet,Canvas,points-3000-seed-41544c53,add-1000,cumulative_operation_ms,ms,400,5,0.39999985694885254,0.5,0.5
Leaflet,Canvas,points-3000-seed-41544c53,add-1000,cumulative_operation_ms,ms,500,5,0.5,0.5999999046325684,0.5999999046325684
Leaflet,Canvas,points-3000-seed-41544c53,add-1000,cumulative_operation_ms,ms,600,5,0.5999999046325684,0.6000001430511475,0.6000001430511475
Leaflet,Canvas,points-3000-seed-41544c53,add-1000,cumulative_operation_ms,ms,700,5,0.6999998092651367,0.7000000476837158,0.7000000476837158
Leaflet,Canvas,points-3000-seed-41544c53,add-1000,cumulative_operation_ms,ms,800,5,0.7000000476837158,0.8000001907348633,0.8000001907348633
Leaflet,Canvas,points-3000-seed-41544c53,add-1000,cumulative_operation_ms,ms,900,5,0.7999999523162842,0.8999998569488525,0.8999998569488525
Leaflet,Canvas,points-3000-seed-41544c53,add-1000,cumulative_operation_ms,ms,1000,5,0.8999998569488525,0.9000000953674316,0.9000000953674316
Leaflet,Canvas,points-3000-seed-41544c53,add-1000,operation_sync_ms,ms,0,5,0.8999998569488525,0.9000000953674316,0.9000000953674316
Leaflet,Canvas,points-3000-seed-41544c53,add-1000,operation_to_raf_opportunities_ms,ms,0,5,29.700000047683716,30.40000009536743,30.40000009536743
Leaflet,Canvas,points-3000-seed-41544c53,add-500,cumulative_operation_ms,ms,100,5,0.09999990463256836,0.20000004768371582,0.20000004768371582
Leaflet,Canvas,points-3000-seed-41544c53,add-500,cumulative_operation_ms,ms,200,5,0.19999980926513672,0.20000004768371582,0.20000004768371582
Leaflet,Canvas,points-3000-seed-41544c53,add-500,cumulative_operation_ms,ms,300,5,0.2999999523162842,0.40000009536743164,0.40000009536743164
Leaflet,Canvas,points-3000-seed-41544c53,add-500,cumulative_operation_ms,ms,400,5,0.39999985694885254,0.5,0.5
Leaflet,Canvas,points-3000-seed-41544c53,add-500,cumulative_operation_ms,ms,500,5,0.5,0.5,0.5
Leaflet,Canvas,points-3000-seed-41544c53,add-500,operation_sync_ms,ms,0,5,0.5,0.5,0.5
Leaflet,Canvas,points-3000-seed-41544c53,add-500,operation_to_raf_opportunities_ms,ms,0,5,27.0,27.799999952316284,27.799999952316284
Leaflet,Canvas,points-3000-seed-41544c53,load,create_to_raf_opportunities_ms,ms,0,5,51.90000009536743,60.60000014305115,60.60000014305115
Leaflet,Canvas,points-3000-seed-41544c53,load,leaflet_scene_setup_ms,ms,0,5,4.099999904632568,4.400000095367432,4.400000095367432
Leaflet,Canvas,points-3000-seed-41544c53,load,owned_element_nodes,count,0,5,15.0,15.0,15.0
Leaflet,Canvas,points-3000-seed-41544c53,load,owned_points,count,0,5,0.0,0.0,0.0
Leaflet,Canvas,points-3000-seed-41544c53,load,semantic_roots,count,0,5,3000.0,3000.0,3000.0
Leaflet,Canvas,points-3000-seed-41544c53,load,visual_primitives,count,0,5,3000.0,3000.0,3000.0
Leaflet,Canvas,points-3000-seed-41544c53,pan,camera_api_sync_ms,ms,0,435,1.4000000953674316,2.6000001430511475,2.8000001907348633
Leaflet,Canvas,points-3000-seed-41544c53,pan,camera_updates,count,0,5,85.0,90.0,90.0
Leaflet,Canvas,points-3000-seed-41544c53,pan,frame_interval_ms,ms,0,435,16.69999999999709,18.0,35.20000000001164
Leaflet,Canvas,points-3000-seed-41544c53,pan,motion_elapsed_ms,ms,0,5,1501.2000000000116,1501.300000000003,1501.300000000003
Leaflet,Canvas,points-3000-seed-41544c53,position-series,operation_sync_ms,ms,0,5,0.09999990463256836,0.10000014305114746,0.10000014305114746
Leaflet,Canvas,points-3000-seed-41544c53,position-series,operation_to_raf_opportunities_ms,ms,0,5,23.899999856948853,24.09999990463257,24.09999990463257
Leaflet,Canvas,points-3000-seed-41544c53,position-single,operation_sync_ms,ms,0,5,0.0,0.09999990463256836,0.09999990463256836
Leaflet,Canvas,points-3000-seed-41544c53,position-single,operation_to_raf_opportunities_ms,ms,0,5,23.09999990463257,24.199999809265137,24.199999809265137
Leaflet,Canvas,points-3000-seed-41544c53,remove-100,cumulative_operation_ms,ms,100,5,0.0,0.10000014305114746,0.10000014305114746
Leaflet,Canvas,points-3000-seed-41544c53,remove-100,operation_sync_ms,ms,0,5,0.10000014305114746,0.20000004768371582,0.20000004768371582
Leaflet,Canvas,points-3000-seed-41544c53,remove-100,operation_to_raf_opportunities_ms,ms,0,5,21.600000143051147,24.90000009536743,24.90000009536743
Leaflet,Canvas,points-3000-seed-41544c53,remove-1000,cumulative_operation_ms,ms,100,5,0.09999990463256836,0.10000014305114746,0.10000014305114746
Leaflet,Canvas,points-3000-seed-41544c53,remove-1000,cumulative_operation_ms,ms,200,5,0.09999990463256836,0.20000004768371582,0.20000004768371582
Leaflet,Canvas,points-3000-seed-41544c53,remove-1000,cumulative_operation_ms,ms,300,5,0.20000004768371582,0.20000004768371582,0.20000004768371582
Leaflet,Canvas,points-3000-seed-41544c53,remove-1000,cumulative_operation_ms,ms,400,5,0.20000004768371582,0.2999999523162842,0.2999999523162842
Leaflet,Canvas,points-3000-seed-41544c53,remove-1000,cumulative_operation_ms,ms,500,5,0.20000004768371582,0.40000009536743164,0.40000009536743164
Leaflet,Canvas,points-3000-seed-41544c53,remove-1000,cumulative_operation_ms,ms,600,5,0.2999999523162842,0.40000009536743164,0.40000009536743164
Leaflet,Canvas,points-3000-seed-41544c53,remove-1000,cumulative_operation_ms,ms,700,5,0.3000001907348633,0.40000009536743164,0.40000009536743164
Leaflet,Canvas,points-3000-seed-41544c53,remove-1000,cumulative_operation_ms,ms,800,5,0.40000009536743164,0.5,0.5
Leaflet,Canvas,points-3000-seed-41544c53,remove-1000,cumulative_operation_ms,ms,900,5,0.40000009536743164,0.5,0.5
Leaflet,Canvas,points-3000-seed-41544c53,remove-1000,cumulative_operation_ms,ms,1000,5,0.5,0.7000000476837158,0.7000000476837158
Leaflet,Canvas,points-3000-seed-41544c53,remove-1000,operation_sync_ms,ms,0,5,0.5999999046325684,0.7999999523162842,0.7999999523162842
Leaflet,Canvas,points-3000-seed-41544c53,remove-1000,operation_to_raf_opportunities_ms,ms,0,5,22.5,24.5,24.5
Leaflet,Canvas,points-3000-seed-41544c53,remove-500,cumulative_operation_ms,ms,100,5,0.10000014305114746,0.20000004768371582,0.20000004768371582
Leaflet,Canvas,points-3000-seed-41544c53,remove-500,cumulative_operation_ms,ms,200,5,0.10000014305114746,0.20000004768371582,0.20000004768371582
Leaflet,Canvas,points-3000-seed-41544c53,remove-500,cumulative_operation_ms,ms,300,5,0.10000014305114746,0.20000004768371582,0.20000004768371582
Leaflet,Canvas,points-3000-seed-41544c53,remove-500,cumulative_operation_ms,ms,400,5,0.20000004768371582,0.2999999523162842,0.2999999523162842
Leaflet,Canvas,points-3000-seed-41544c53,remove-500,cumulative_operation_ms,ms,500,5,0.20000004768371582,0.39999985694885254,0.39999985694885254
Leaflet,Canvas,points-3000-seed-41544c53,remove-500,operation_sync_ms,ms,0,5,0.3000001907348633,0.39999985694885254,0.39999985694885254
Leaflet,Canvas,points-3000-seed-41544c53,remove-500,operation_to_raf_opportunities_ms,ms,0,5,24.200000047683716,25.5,25.5
Leaflet,Canvas,points-3000-seed-41544c53,zoom,camera_api_sync_ms,ms,0,443,2.4000000953674316,3.6000001430511475,4.599999904632568
Leaflet,Canvas,points-3000-seed-41544c53,zoom,camera_updates,count,0,5,88.0,90.0,90.0
Leaflet,Canvas,points-3000-seed-41544c53,zoom,frame_interval_ms,ms,0,443,16.69999999999709,17.599999999976717,33.40000000002328
Leaflet,Canvas,points-3000-seed-41544c53,zoom,motion_elapsed_ms,ms,0,5,1501.2000000000116,1501.2999999999884,1501.2999999999884
Leaflet,Canvas,points-5000-seed-41544c53,add-100,cumulative_operation_ms,ms,100,5,0.20000004768371582,0.20000004768371582,0.20000004768371582
Leaflet,Canvas,points-5000-seed-41544c53,add-100,operation_sync_ms,ms,0,5,0.20000004768371582,0.20000004768371582,0.20000004768371582
Leaflet,Canvas,points-5000-seed-41544c53,add-100,operation_to_raf_opportunities_ms,ms,0,5,30.399999856948853,30.5,30.5
Leaflet,Canvas,points-5000-seed-41544c53,add-1000,cumulative_operation_ms,ms,100,5,0.10000014305114746,0.20000004768371582,0.20000004768371582
Leaflet,Canvas,points-5000-seed-41544c53,add-1000,cumulative_operation_ms,ms,200,5,0.20000004768371582,0.2999999523162842,0.2999999523162842
Leaflet,Canvas,points-5000-seed-41544c53,add-1000,cumulative_operation_ms,ms,300,5,0.3000001907348633,0.39999985694885254,0.39999985694885254
Leaflet,Canvas,points-5000-seed-41544c53,add-1000,cumulative_operation_ms,ms,400,5,0.40000009536743164,0.5,0.5
Leaflet,Canvas,points-5000-seed-41544c53,add-1000,cumulative_operation_ms,ms,500,5,0.6000001430511475,0.7000000476837158,0.7000000476837158
Leaflet,Canvas,points-5000-seed-41544c53,add-1000,cumulative_operation_ms,ms,600,5,0.7000000476837158,0.7999999523162842,0.7999999523162842
Leaflet,Canvas,points-5000-seed-41544c53,add-1000,cumulative_operation_ms,ms,700,5,0.7000000476837158,0.7999999523162842,0.7999999523162842
Leaflet,Canvas,points-5000-seed-41544c53,add-1000,cumulative_operation_ms,ms,800,5,0.7999999523162842,1.0,1.0
Leaflet,Canvas,points-5000-seed-41544c53,add-1000,cumulative_operation_ms,ms,900,5,0.9000000953674316,1.0,1.0
Leaflet,Canvas,points-5000-seed-41544c53,add-1000,cumulative_operation_ms,ms,1000,5,1.0,1.0999999046325684,1.0999999046325684
Leaflet,Canvas,points-5000-seed-41544c53,add-1000,operation_sync_ms,ms,0,5,1.0,1.0999999046325684,1.0999999046325684
Leaflet,Canvas,points-5000-seed-41544c53,add-1000,operation_to_raf_opportunities_ms,ms,0,5,36.5,37.0,37.0
Leaflet,Canvas,points-5000-seed-41544c53,add-500,cumulative_operation_ms,ms,100,5,0.10000014305114746,0.20000004768371582,0.20000004768371582
Leaflet,Canvas,points-5000-seed-41544c53,add-500,cumulative_operation_ms,ms,200,5,0.20000004768371582,0.20000004768371582,0.20000004768371582
Leaflet,Canvas,points-5000-seed-41544c53,add-500,cumulative_operation_ms,ms,300,5,0.2999999523162842,0.39999985694885254,0.39999985694885254
Leaflet,Canvas,points-5000-seed-41544c53,add-500,cumulative_operation_ms,ms,400,5,0.39999985694885254,0.40000009536743164,0.40000009536743164
Leaflet,Canvas,points-5000-seed-41544c53,add-500,cumulative_operation_ms,ms,500,5,0.6000001430511475,0.7000000476837158,0.7000000476837158
Leaflet,Canvas,points-5000-seed-41544c53,add-500,operation_sync_ms,ms,0,5,0.6000001430511475,0.7000000476837158,0.7000000476837158
Leaflet,Canvas,points-5000-seed-41544c53,add-500,operation_to_raf_opportunities_ms,ms,0,5,33.09999990463257,33.299999952316284,33.299999952316284
Leaflet,Canvas,points-5000-seed-41544c53,load,create_to_raf_opportunities_ms,ms,0,5,61.700000047683716,77.0,77.0
Leaflet,Canvas,points-5000-seed-41544c53,load,leaflet_scene_setup_ms,ms,0,5,6.400000095367432,6.700000047683716,6.700000047683716
Leaflet,Canvas,points-5000-seed-41544c53,load,owned_element_nodes,count,0,5,15.0,15.0,15.0
Leaflet,Canvas,points-5000-seed-41544c53,load,owned_points,count,0,5,0.0,0.0,0.0
Leaflet,Canvas,points-5000-seed-41544c53,load,semantic_roots,count,0,5,5000.0,5000.0,5000.0
Leaflet,Canvas,points-5000-seed-41544c53,load,visual_primitives,count,0,5,5000.0,5000.0,5000.0
Leaflet,Canvas,points-5000-seed-41544c53,pan,camera_api_sync_ms,ms,0,297,2.299999952316284,3.1000001430511475,3.299999952316284
Leaflet,Canvas,points-5000-seed-41544c53,pan,camera_updates,count,0,5,52.0,90.0,90.0
Leaflet,Canvas,points-5000-seed-41544c53,pan,frame_interval_ms,ms,0,297,33.0,33.40000000002328,50.0
Leaflet,Canvas,points-5000-seed-41544c53,pan,motion_elapsed_ms,ms,0,5,1517.8999999999942,1518.0,1518.0
Leaflet,Canvas,points-5000-seed-41544c53,position-series,operation_sync_ms,ms,0,5,0.0,0.09999990463256836,0.09999990463256836
Leaflet,Canvas,points-5000-seed-41544c53,position-series,operation_to_raf_opportunities_ms,ms,0,5,29.700000047683716,33.5,33.5
Leaflet,Canvas,points-5000-seed-41544c53,position-single,operation_sync_ms,ms,0,5,0.0,0.10000014305114746,0.10000014305114746
Leaflet,Canvas,points-5000-seed-41544c53,position-single,operation_to_raf_opportunities_ms,ms,0,5,7.1000001430511475,20.90000009536743,20.90000009536743
Leaflet,Canvas,points-5000-seed-41544c53,remove-100,cumulative_operation_ms,ms,100,5,0.10000014305114746,0.20000004768371582,0.20000004768371582
Leaflet,Canvas,points-5000-seed-41544c53,remove-100,operation_sync_ms,ms,0,5,0.20000004768371582,0.20000004768371582,0.20000004768371582
Leaflet,Canvas,points-5000-seed-41544c53,remove-100,operation_to_raf_opportunities_ms,ms,0,5,29.200000047683716,34.5,34.5
Leaflet,Canvas,points-5000-seed-41544c53,remove-1000,cumulative_operation_ms,ms,100,5,0.09999990463256836,0.09999990463256836,0.09999990463256836
Leaflet,Canvas,points-5000-seed-41544c53,remove-1000,cumulative_operation_ms,ms,200,5,0.10000014305114746,0.20000004768371582,0.20000004768371582
Leaflet,Canvas,points-5000-seed-41544c53,remove-1000,cumulative_operation_ms,ms,300,5,0.20000004768371582,0.20000004768371582,0.20000004768371582
Leaflet,Canvas,points-5000-seed-41544c53,remove-1000,cumulative_operation_ms,ms,400,5,0.20000004768371582,0.2999999523162842,0.2999999523162842
Leaflet,Canvas,points-5000-seed-41544c53,remove-1000,cumulative_operation_ms,ms,500,5,0.20000004768371582,0.2999999523162842,0.2999999523162842
Leaflet,Canvas,points-5000-seed-41544c53,remove-1000,cumulative_operation_ms,ms,600,5,0.2999999523162842,0.2999999523162842,0.2999999523162842
Leaflet,Canvas,points-5000-seed-41544c53,remove-1000,cumulative_operation_ms,ms,700,5,0.2999999523162842,0.2999999523162842,0.2999999523162842
Leaflet,Canvas,points-5000-seed-41544c53,remove-1000,cumulative_operation_ms,ms,800,5,0.39999985694885254,0.5,0.5
Leaflet,Canvas,points-5000-seed-41544c53,remove-1000,cumulative_operation_ms,ms,900,5,0.40000009536743164,0.5,0.5
Leaflet,Canvas,points-5000-seed-41544c53,remove-1000,cumulative_operation_ms,ms,1000,5,0.40000009536743164,0.5,0.5
Leaflet,Canvas,points-5000-seed-41544c53,remove-1000,operation_sync_ms,ms,0,5,0.5999999046325684,0.7000000476837158,0.7000000476837158
Leaflet,Canvas,points-5000-seed-41544c53,remove-1000,operation_to_raf_opportunities_ms,ms,0,5,24.09999990463257,24.5,24.5
Leaflet,Canvas,points-5000-seed-41544c53,remove-500,cumulative_operation_ms,ms,100,5,0.09999990463256836,0.20000004768371582,0.20000004768371582
Leaflet,Canvas,points-5000-seed-41544c53,remove-500,cumulative_operation_ms,ms,200,5,0.10000014305114746,0.20000004768371582,0.20000004768371582
Leaflet,Canvas,points-5000-seed-41544c53,remove-500,cumulative_operation_ms,ms,300,5,0.20000004768371582,0.20000004768371582,0.20000004768371582
Leaflet,Canvas,points-5000-seed-41544c53,remove-500,cumulative_operation_ms,ms,400,5,0.20000004768371582,0.2999999523162842,0.2999999523162842
Leaflet,Canvas,points-5000-seed-41544c53,remove-500,cumulative_operation_ms,ms,500,5,0.2999999523162842,0.2999999523162842,0.2999999523162842
Leaflet,Canvas,points-5000-seed-41544c53,remove-500,operation_sync_ms,ms,0,5,0.40000009536743164,0.5,0.5
Leaflet,Canvas,points-5000-seed-41544c53,remove-500,operation_to_raf_opportunities_ms,ms,0,5,26.899999856948853,27.0,27.0
Leaflet,Canvas,points-5000-seed-41544c53,zoom,camera_api_sync_ms,ms,0,380,3.6000001430511475,4.799999952316284,6.199999809265137
Leaflet,Canvas,points-5000-seed-41544c53,zoom,camera_updates,count,0,5,73.0,90.0,90.0
Leaflet,Canvas,points-5000-seed-41544c53,zoom,frame_interval_ms,ms,0,380,16.70000000001164,33.39999999999418,35.40000000002328
Leaflet,Canvas,points-5000-seed-41544c53,zoom,motion_elapsed_ms,ms,0,5,1517.899999999965,1518.0,1518.0
Leaflet,SVG,mixed-3000-seed-41544c53,add-100,cumulative_operation_ms,ms,100,5,0.5,0.5999999046325684,0.5999999046325684
Leaflet,SVG,mixed-3000-seed-41544c53,add-100,operation_sync_ms,ms,0,5,0.5,0.5999999046325684,0.5999999046325684
Leaflet,SVG,mixed-3000-seed-41544c53,add-100,operation_to_raf_opportunities_ms,ms,0,5,13.399999856948853,14.600000143051147,14.600000143051147
Leaflet,SVG,mixed-3000-seed-41544c53,add-1000,cumulative_operation_ms,ms,100,5,0.6000001430511475,0.6000001430511475,0.6000001430511475
Leaflet,SVG,mixed-3000-seed-41544c53,add-1000,cumulative_operation_ms,ms,200,5,1.0,1.0,1.0
Leaflet,SVG,mixed-3000-seed-41544c53,add-1000,cumulative_operation_ms,ms,300,5,1.4000000953674316,1.4000000953674316,1.4000000953674316
Leaflet,SVG,mixed-3000-seed-41544c53,add-1000,cumulative_operation_ms,ms,400,5,1.8000001907348633,1.9000000953674316,1.9000000953674316
Leaflet,SVG,mixed-3000-seed-41544c53,add-1000,cumulative_operation_ms,ms,500,5,2.200000047683716,2.3000001907348633,2.3000001907348633
Leaflet,SVG,mixed-3000-seed-41544c53,add-1000,cumulative_operation_ms,ms,600,5,2.700000047683716,2.9000000953674316,2.9000000953674316
Leaflet,SVG,mixed-3000-seed-41544c53,add-1000,cumulative_operation_ms,ms,700,5,3.0999999046325684,3.4000000953674316,3.4000000953674316
Leaflet,SVG,mixed-3000-seed-41544c53,add-1000,cumulative_operation_ms,ms,800,5,3.5,3.9000000953674316,3.9000000953674316
Leaflet,SVG,mixed-3000-seed-41544c53,add-1000,cumulative_operation_ms,ms,900,5,4.0,4.300000190734863,4.300000190734863
Leaflet,SVG,mixed-3000-seed-41544c53,add-1000,cumulative_operation_ms,ms,1000,5,4.700000047683716,5.200000047683716,5.200000047683716
Leaflet,SVG,mixed-3000-seed-41544c53,add-1000,operation_sync_ms,ms,0,5,4.700000047683716,5.200000047683716,5.200000047683716
Leaflet,SVG,mixed-3000-seed-41544c53,add-1000,operation_to_raf_opportunities_ms,ms,0,5,29.300000190734863,30.09999990463257,30.09999990463257
Leaflet,SVG,mixed-3000-seed-41544c53,add-500,cumulative_operation_ms,ms,100,5,0.5,0.6000001430511475,0.6000001430511475
Leaflet,SVG,mixed-3000-seed-41544c53,add-500,cumulative_operation_ms,ms,200,5,1.0,1.0,1.0
Leaflet,SVG,mixed-3000-seed-41544c53,add-500,cumulative_operation_ms,ms,300,5,1.4000000953674316,1.5,1.5
Leaflet,SVG,mixed-3000-seed-41544c53,add-500,cumulative_operation_ms,ms,400,5,1.8999998569488525,1.9000000953674316,1.9000000953674316
Leaflet,SVG,mixed-3000-seed-41544c53,add-500,cumulative_operation_ms,ms,500,5,2.299999952316284,2.4000000953674316,2.4000000953674316
Leaflet,SVG,mixed-3000-seed-41544c53,add-500,operation_sync_ms,ms,0,5,2.299999952316284,2.4000000953674316,2.4000000953674316
Leaflet,SVG,mixed-3000-seed-41544c53,add-500,operation_to_raf_opportunities_ms,ms,0,5,13.800000190734863,24.899999856948853,24.899999856948853
Leaflet,SVG,mixed-3000-seed-41544c53,load,create_to_raf_opportunities_ms,ms,0,5,106.89999985694885,118.79999995231628,118.79999995231628
Leaflet,SVG,mixed-3000-seed-41544c53,load,leaflet_scene_setup_ms,ms,0,5,75.90000009536743,78.69999980926514,78.69999980926514
Leaflet,SVG,mixed-3000-seed-41544c53,load,owned_element_nodes,count,0,5,7216.0,7216.0,7216.0
Leaflet,SVG,mixed-3000-seed-41544c53,load,owned_points,count,0,5,5400.0,5400.0,5400.0
Leaflet,SVG,mixed-3000-seed-41544c53,load,semantic_roots,count,0,5,3000.0,3000.0,3000.0
Leaflet,SVG,mixed-3000-seed-41544c53,load,svg_element_nodes,count,0,5,7202.0,7202.0,7202.0
Leaflet,SVG,mixed-3000-seed-41544c53,load,visual_primitives,count,0,5,7200.0,7200.0,7200.0
Leaflet,SVG,mixed-3000-seed-41544c53,pan,camera_api_sync_ms,ms,0,433,6.099999904632568,7.599999904632568,42.19999980926514
Leaflet,SVG,mixed-3000-seed-41544c53,pan,camera_updates,count,0,5,87.0,90.0,90.0
Leaflet,SVG,mixed-3000-seed-41544c53,pan,frame_interval_ms,ms,0,433,16.69999999999709,17.79999999998836,66.79999999998836
Leaflet,SVG,mixed-3000-seed-41544c53,pan,motion_elapsed_ms,ms,0,5,1501.2000000000116,1501.2999999999884,1501.2999999999884
Leaflet,SVG,mixed-3000-seed-41544c53,position-series,operation_sync_ms,ms,0,5,0.2999999523162842,1.9000000953674316,1.9000000953674316
Leaflet,SVG,mixed-3000-seed-41544c53,position-series,operation_to_raf_opportunities_ms,ms,0,5,14.400000095367432,15.099999904632568,15.099999904632568
Leaflet,SVG,mixed-3000-seed-41544c53,position-single,operation_sync_ms,ms,0,5,0.09999990463256836,1.7999999523162842,1.7999999523162842
Leaflet,SVG,mixed-3000-seed-41544c53,position-single,operation_to_raf_opportunities_ms,ms,0,5,13.400000095367432,14.900000095367432,14.900000095367432
Leaflet,SVG,mixed-3000-seed-41544c53,remove-100,cumulative_operation_ms,ms,100,5,0.2999999523162842,0.40000009536743164,0.40000009536743164
Leaflet,SVG,mixed-3000-seed-41544c53,remove-100,operation_sync_ms,ms,0,5,0.40000009536743164,0.5,0.5
Leaflet,SVG,mixed-3000-seed-41544c53,remove-100,operation_to_raf_opportunities_ms,ms,0,5,14.100000143051147,14.400000095367432,14.400000095367432
Leaflet,SVG,mixed-3000-seed-41544c53,remove-1000,cumulative_operation_ms,ms,100,5,0.2999999523162842,0.40000009536743164,0.40000009536743164
Leaflet,SVG,mixed-3000-seed-41544c53,remove-1000,cumulative_operation_ms,ms,200,5,0.5999999046325684,0.7000000476837158,0.7000000476837158
Leaflet,SVG,mixed-3000-seed-41544c53,remove-1000,cumulative_operation_ms,ms,300,5,0.8000001907348633,1.0,1.0
Leaflet,SVG,mixed-3000-seed-41544c53,remove-1000,cumulative_operation_ms,ms,400,5,1.0999999046325684,1.2000000476837158,1.2000000476837158
Leaflet,SVG,mixed-3000-seed-41544c53,remove-1000,cumulative_operation_ms,ms,500,5,1.3999998569488525,1.5,1.5
Leaflet,SVG,mixed-3000-seed-41544c53,remove-1000,cumulative_operation_ms,ms,600,5,1.5999999046325684,1.7999999523162842,1.7999999523162842
Leaflet,SVG,mixed-3000-seed-41544c53,remove-1000,cumulative_operation_ms,ms,700,5,1.8000001907348633,2.0,2.0
Leaflet,SVG,mixed-3000-seed-41544c53,remove-1000,cumulative_operation_ms,ms,800,5,2.0999999046325684,2.200000047683716,2.200000047683716
Leaflet,SVG,mixed-3000-seed-41544c53,remove-1000,cumulative_operation_ms,ms,900,5,2.3000001907348633,2.5,2.5
Leaflet,SVG,mixed-3000-seed-41544c53,remove-1000,cumulative_operation_ms,ms,1000,5,2.6000001430511475,2.700000047683716,2.700000047683716
Leaflet,SVG,mixed-3000-seed-41544c53,remove-1000,operation_sync_ms,ms,0,5,2.6999998092651367,2.8000001907348633,2.8000001907348633
Leaflet,SVG,mixed-3000-seed-41544c53,remove-1000,operation_to_raf_opportunities_ms,ms,0,5,13.300000190734863,14.299999952316284,14.299999952316284
Leaflet,SVG,mixed-3000-seed-41544c53,remove-500,cumulative_operation_ms,ms,100,5,0.40000009536743164,0.40000009536743164,0.40000009536743164
Leaflet,SVG,mixed-3000-seed-41544c53,remove-500,cumulative_operation_ms,ms,200,5,0.6000001430511475,0.7000000476837158,0.7000000476837158
Leaflet,SVG,mixed-3000-seed-41544c53,remove-500,cumulative_operation_ms,ms,300,5,0.8999998569488525,1.0,1.0
Leaflet,SVG,mixed-3000-seed-41544c53,remove-500,cumulative_operation_ms,ms,400,5,1.2000000476837158,1.2000000476837158,1.2000000476837158
Leaflet,SVG,mixed-3000-seed-41544c53,remove-500,cumulative_operation_ms,ms,500,5,1.4000000953674316,1.5,1.5
Leaflet,SVG,mixed-3000-seed-41544c53,remove-500,operation_sync_ms,ms,0,5,1.5,1.5,1.5
Leaflet,SVG,mixed-3000-seed-41544c53,remove-500,operation_to_raf_opportunities_ms,ms,0,5,13.700000047683716,14.100000143051147,14.100000143051147
Leaflet,SVG,mixed-3000-seed-41544c53,route-update,operation_sync_ms,ms,0,5,8.599999904632568,8.900000095367432,8.900000095367432
Leaflet,SVG,mixed-3000-seed-41544c53,route-update,operation_to_raf_opportunities_ms,ms,0,5,46.90000009536743,47.700000047683716,47.700000047683716
Leaflet,SVG,mixed-3000-seed-41544c53,zoom,camera_api_sync_ms,ms,0,238,17.25,24.0,28.899999856948853
Leaflet,SVG,mixed-3000-seed-41544c53,zoom,camera_updates,count,0,5,48.0,50.0,50.0
Leaflet,SVG,mixed-3000-seed-41544c53,zoom,frame_interval_ms,ms,0,238,33.399999999965075,50.0,50.100000000034925
Leaflet,SVG,mixed-3000-seed-41544c53,zoom,motion_elapsed_ms,ms,0,5,1517.7999999999884,1517.9000000000233,1517.9000000000233
Leaflet,SVG,mixed-5000-seed-41544c53,add-100,cumulative_operation_ms,ms,100,5,0.5,0.5999999046325684,0.5999999046325684
Leaflet,SVG,mixed-5000-seed-41544c53,add-100,operation_sync_ms,ms,0,5,0.5,0.5999999046325684,0.5999999046325684
Leaflet,SVG,mixed-5000-seed-41544c53,add-100,operation_to_raf_opportunities_ms,ms,0,5,18.09999990463257,18.59999990463257,18.59999990463257
Leaflet,SVG,mixed-5000-seed-41544c53,add-1000,cumulative_operation_ms,ms,100,5,0.5999999046325684,0.8000001907348633,0.8000001907348633
Leaflet,SVG,mixed-5000-seed-41544c53,add-1000,cumulative_operation_ms,ms,200,5,1.0,1.2000000476837158,1.2000000476837158
Leaflet,SVG,mixed-5000-seed-41544c53,add-1000,cumulative_operation_ms,ms,300,5,1.5,1.6999998092651367,1.6999998092651367
Leaflet,SVG,mixed-5000-seed-41544c53,add-1000,cumulative_operation_ms,ms,400,5,1.9000000953674316,2.1999998092651367,2.1999998092651367
Leaflet,SVG,mixed-5000-seed-41544c53,add-1000,cumulative_operation_ms,ms,500,5,2.3000001907348633,2.5999999046325684,2.5999999046325684
Leaflet,SVG,mixed-5000-seed-41544c53,add-1000,cumulative_operation_ms,ms,600,5,2.8000001907348633,3.0,3.0
Leaflet,SVG,mixed-5000-seed-41544c53,add-1000,cumulative_operation_ms,ms,700,5,3.200000047683716,3.5,3.5
Leaflet,SVG,mixed-5000-seed-41544c53,add-1000,cumulative_operation_ms,ms,800,5,3.700000047683716,3.8999998569488525,3.8999998569488525
Leaflet,SVG,mixed-5000-seed-41544c53,add-1000,cumulative_operation_ms,ms,900,5,4.1000001430511475,4.3999998569488525,4.3999998569488525
Leaflet,SVG,mixed-5000-seed-41544c53,add-1000,cumulative_operation_ms,ms,1000,5,4.5,4.8999998569488525,4.8999998569488525
Leaflet,SVG,mixed-5000-seed-41544c53,add-1000,operation_sync_ms,ms,0,5,4.5,4.8999998569488525,4.8999998569488525
Leaflet,SVG,mixed-5000-seed-41544c53,add-1000,operation_to_raf_opportunities_ms,ms,0,5,30.800000190734863,34.5,34.5
Leaflet,SVG,mixed-5000-seed-41544c53,add-500,cumulative_operation_ms,ms,100,5,0.5999999046325684,0.7000000476837158,0.7000000476837158
Leaflet,SVG,mixed-5000-seed-41544c53,add-500,cumulative_operation_ms,ms,200,5,1.0,1.2000000476837158,1.2000000476837158
Leaflet,SVG,mixed-5000-seed-41544c53,add-500,cumulative_operation_ms,ms,300,5,1.4000000953674316,1.7000000476837158,1.7000000476837158
Leaflet,SVG,mixed-5000-seed-41544c53,add-500,cumulative_operation_ms,ms,400,5,1.9000000953674316,2.1000001430511475,2.1000001430511475
Leaflet,SVG,mixed-5000-seed-41544c53,add-500,cumulative_operation_ms,ms,500,5,2.4000000953674316,2.5,2.5
Leaflet,SVG,mixed-5000-seed-41544c53,add-500,operation_sync_ms,ms,0,5,2.4000000953674316,2.5,2.5
Leaflet,SVG,mixed-5000-seed-41544c53,add-500,operation_to_raf_opportunities_ms,ms,0,5,19.0,19.299999952316284,19.299999952316284
Leaflet,SVG,mixed-5000-seed-41544c53,load,create_to_raf_opportunities_ms,ms,0,5,153.29999995231628,182.29999995231628,182.29999995231628
Leaflet,SVG,mixed-5000-seed-41544c53,load,leaflet_scene_setup_ms,ms,0,5,123.70000004768372,128.90000009536743,128.90000009536743
Leaflet,SVG,mixed-5000-seed-41544c53,load,owned_element_nodes,count,0,5,12012.0,12012.0,12012.0
Leaflet,SVG,mixed-5000-seed-41544c53,load,owned_points,count,0,5,8996.0,8996.0,8996.0
Leaflet,SVG,mixed-5000-seed-41544c53,load,semantic_roots,count,0,5,5000.0,5000.0,5000.0
Leaflet,SVG,mixed-5000-seed-41544c53,load,svg_element_nodes,count,0,5,11998.0,11998.0,11998.0
Leaflet,SVG,mixed-5000-seed-41544c53,load,visual_primitives,count,0,5,11996.0,11996.0,11996.0
Leaflet,SVG,mixed-5000-seed-41544c53,pan,camera_api_sync_ms,ms,0,253,12.0,13.799999952316284,43.5
Leaflet,SVG,mixed-5000-seed-41544c53,pan,camera_updates,count,0,5,49.0,54.0,54.0
Leaflet,SVG,mixed-5000-seed-41544c53,pan,frame_interval_ms,ms,0,253,33.300000000046566,34.59999999999127,66.70000000001164
Leaflet,SVG,mixed-5000-seed-41544c53,pan,motion_elapsed_ms,ms,0,5,1518.0,1534.600000000035,1534.600000000035
Leaflet,SVG,mixed-5000-seed-41544c53,position-series,operation_sync_ms,ms,0,5,0.3000001907348633,0.5,0.5
Leaflet,SVG,mixed-5000-seed-41544c53,position-series,operation_to_raf_opportunities_ms,ms,0,5,19.0,19.59999990463257,19.59999990463257
Leaflet,SVG,mixed-5000-seed-41544c53,position-single,operation_sync_ms,ms,0,5,0.0,2.200000047683716,2.200000047683716
Leaflet,SVG,mixed-5000-seed-41544c53,position-single,operation_to_raf_opportunities_ms,ms,0,5,16.799999952316284,19.299999952316284,19.299999952316284
Leaflet,SVG,mixed-5000-seed-41544c53,remove-100,cumulative_operation_ms,ms,100,5,0.40000009536743164,0.5,0.5
Leaflet,SVG,mixed-5000-seed-41544c53,remove-100,operation_sync_ms,ms,0,5,0.5,0.7000000476837158,0.7000000476837158
Leaflet,SVG,mixed-5000-seed-41544c53,remove-100,operation_to_raf_opportunities_ms,ms,0,5,16.5,17.700000047683716,17.700000047683716
Leaflet,SVG,mixed-5000-seed-41544c53,remove-1000,cumulative_operation_ms,ms,100,5,0.3000001907348633,0.40000009536743164,0.40000009536743164
Leaflet,SVG,mixed-5000-seed-41544c53,remove-1000,cumulative_operation_ms,ms,200,5,0.6000001430511475,0.7000000476837158,0.7000000476837158
Leaflet,SVG,mixed-5000-seed-41544c53,remove-1000,cumulative_operation_ms,ms,300,5,0.9000000953674316,1.0,1.0
Leaflet,SVG,mixed-5000-seed-41544c53,remove-1000,cumulative_operation_ms,ms,400,5,1.2000000476837158,1.2999999523162842,1.2999999523162842
Leaflet,SVG,mixed-5000-seed-41544c53,remove-1000,cumulative_operation_ms,ms,500,5,1.5,1.6000001430511475,1.6000001430511475
Leaflet,SVG,mixed-5000-seed-41544c53,remove-1000,cumulative_operation_ms,ms,600,5,1.7999999523162842,1.9000000953674316,1.9000000953674316
Leaflet,SVG,mixed-5000-seed-41544c53,remove-1000,cumulative_operation_ms,ms,700,5,2.0999999046325684,2.1000001430511475,2.1000001430511475
Leaflet,SVG,mixed-5000-seed-41544c53,remove-1000,cumulative_operation_ms,ms,800,5,2.299999952316284,2.4000000953674316,2.4000000953674316
Leaflet,SVG,mixed-5000-seed-41544c53,remove-1000,cumulative_operation_ms,ms,900,5,2.6000001430511475,2.700000047683716,2.700000047683716
Leaflet,SVG,mixed-5000-seed-41544c53,remove-1000,cumulative_operation_ms,ms,1000,5,2.9000000953674316,3.0,3.0
Leaflet,SVG,mixed-5000-seed-41544c53,remove-1000,operation_sync_ms,ms,0,5,3.0,3.1000001430511475,3.1000001430511475
Leaflet,SVG,mixed-5000-seed-41544c53,remove-1000,operation_to_raf_opportunities_ms,ms,0,5,16.40000009536743,20.0,20.0
Leaflet,SVG,mixed-5000-seed-41544c53,remove-500,cumulative_operation_ms,ms,100,5,0.3000001907348633,0.5,0.5
Leaflet,SVG,mixed-5000-seed-41544c53,remove-500,cumulative_operation_ms,ms,200,5,0.6999998092651367,0.7999999523162842,0.7999999523162842
Leaflet,SVG,mixed-5000-seed-41544c53,remove-500,cumulative_operation_ms,ms,300,5,0.9000000953674316,1.2000000476837158,1.2000000476837158
Leaflet,SVG,mixed-5000-seed-41544c53,remove-500,cumulative_operation_ms,ms,400,5,1.2000000476837158,1.5,1.5
Leaflet,SVG,mixed-5000-seed-41544c53,remove-500,cumulative_operation_ms,ms,500,5,1.5,1.7000000476837158,1.7000000476837158
Leaflet,SVG,mixed-5000-seed-41544c53,remove-500,operation_sync_ms,ms,0,5,1.6000001430511475,1.8999998569488525,1.8999998569488525
Leaflet,SVG,mixed-5000-seed-41544c53,remove-500,operation_to_raf_opportunities_ms,ms,0,5,17.90000009536743,19.59999990463257,19.59999990463257
Leaflet,SVG,mixed-5000-seed-41544c53,route-update,operation_sync_ms,ms,0,5,15.5,17.100000143051147,17.100000143051147
Leaflet,SVG,mixed-5000-seed-41544c53,route-update,operation_to_raf_opportunities_ms,ms,0,5,77.30000019073486,85.10000014305115,85.10000014305115
Leaflet,SVG,mixed-5000-seed-41544c53,zoom,camera_api_sync_ms,ms,0,135,32.90000009536743,43.299999952316284,46.799999952316284
Leaflet,SVG,mixed-5000-seed-41544c53,zoom,camera_updates,count,0,5,27.0,29.0,29.0
Leaflet,SVG,mixed-5000-seed-41544c53,zoom,frame_interval_ms,ms,0,135,50.10000000000582,83.30000000001746,116.79999999998836
Leaflet,SVG,mixed-5000-seed-41544c53,zoom,motion_elapsed_ms,ms,0,5,1517.9000000000233,1551.2000000000116,1551.2000000000116
Leaflet,SVG,points-3000-seed-41544c53,add-100,cumulative_operation_ms,ms,100,5,0.5999999046325684,0.6000001430511475,0.6000001430511475
Leaflet,SVG,points-3000-seed-41544c53,add-100,operation_sync_ms,ms,0,5,0.5999999046325684,0.6000001430511475,0.6000001430511475
Leaflet,SVG,points-3000-seed-41544c53,add-100,operation_to_raf_opportunities_ms,ms,0,5,23.600000143051147,23.699999809265137,23.699999809265137
Leaflet,SVG,points-3000-seed-41544c53,add-1000,cumulative_operation_ms,ms,100,5,0.5,0.6000001430511475,0.6000001430511475
Leaflet,SVG,points-3000-seed-41544c53,add-1000,cumulative_operation_ms,ms,200,5,0.9000000953674316,1.0,1.0
Leaflet,SVG,points-3000-seed-41544c53,add-1000,cumulative_operation_ms,ms,300,5,1.2999999523162842,1.2999999523162842,1.2999999523162842
Leaflet,SVG,points-3000-seed-41544c53,add-1000,cumulative_operation_ms,ms,400,5,1.7000000476837158,1.7999999523162842,1.7999999523162842
Leaflet,SVG,points-3000-seed-41544c53,add-1000,cumulative_operation_ms,ms,500,5,2.200000047683716,2.200000047683716,2.200000047683716
Leaflet,SVG,points-3000-seed-41544c53,add-1000,cumulative_operation_ms,ms,600,5,2.6000001430511475,2.700000047683716,2.700000047683716
Leaflet,SVG,points-3000-seed-41544c53,add-1000,cumulative_operation_ms,ms,700,5,3.0,3.1000001430511475,3.1000001430511475
Leaflet,SVG,points-3000-seed-41544c53,add-1000,cumulative_operation_ms,ms,800,5,3.5,3.5999999046325684,3.5999999046325684
Leaflet,SVG,points-3000-seed-41544c53,add-1000,cumulative_operation_ms,ms,900,5,3.8999998569488525,3.9000000953674316,3.9000000953674316
Leaflet,SVG,points-3000-seed-41544c53,add-1000,cumulative_operation_ms,ms,1000,5,4.3999998569488525,4.5,4.5
Leaflet,SVG,points-3000-seed-41544c53,add-1000,operation_sync_ms,ms,0,5,4.3999998569488525,4.5,4.5
Leaflet,SVG,points-3000-seed-41544c53,add-1000,operation_to_raf_opportunities_ms,ms,0,5,22.799999952316284,23.799999952316284,23.799999952316284
Leaflet,SVG,points-3000-seed-41544c53,add-500,cumulative_operation_ms,ms,100,5,0.5,0.6000001430511475,0.6000001430511475
Leaflet,SVG,points-3000-seed-41544c53,add-500,cumulative_operation_ms,ms,200,5,1.0,1.0,1.0
Leaflet,SVG,points-3000-seed-41544c53,add-500,cumulative_operation_ms,ms,300,5,1.4000000953674316,1.4000000953674316,1.4000000953674316
Leaflet,SVG,points-3000-seed-41544c53,add-500,cumulative_operation_ms,ms,400,5,1.8000001907348633,1.9000000953674316,1.9000000953674316
Leaflet,SVG,points-3000-seed-41544c53,add-500,cumulative_operation_ms,ms,500,5,2.299999952316284,2.4000000953674316,2.4000000953674316
Leaflet,SVG,points-3000-seed-41544c53,add-500,operation_sync_ms,ms,0,5,2.299999952316284,2.4000000953674316,2.4000000953674316
Leaflet,SVG,points-3000-seed-41544c53,add-500,operation_to_raf_opportunities_ms,ms,0,5,23.200000047683716,23.40000009536743,23.40000009536743
Leaflet,SVG,points-3000-seed-41544c53,load,create_to_raf_opportunities_ms,ms,0,5,70.09999990463257,75.70000004768372,75.70000004768372
Leaflet,SVG,points-3000-seed-41544c53,load,leaflet_scene_setup_ms,ms,0,5,32.39999985694885,33.09999990463257,33.09999990463257
Leaflet,SVG,points-3000-seed-41544c53,load,owned_element_nodes,count,0,5,3016.0,3016.0,3016.0
Leaflet,SVG,points-3000-seed-41544c53,load,owned_points,count,0,5,0.0,0.0,0.0
Leaflet,SVG,points-3000-seed-41544c53,load,semantic_roots,count,0,5,3000.0,3000.0,3000.0
Leaflet,SVG,points-3000-seed-41544c53,load,svg_element_nodes,count,0,5,3002.0,3002.0,3002.0
Leaflet,SVG,points-3000-seed-41544c53,load,visual_primitives,count,0,5,3000.0,3000.0,3000.0
Leaflet,SVG,points-3000-seed-41544c53,pan,camera_api_sync_ms,ms,0,448,1.9000000953674316,2.200000047683716,3.200000047683716
Leaflet,SVG,points-3000-seed-41544c53,pan,camera_updates,count,0,5,90.0,90.0,90.0
Leaflet,SVG,points-3000-seed-41544c53,pan,frame_interval_ms,ms,0,448,16.69999999999709,16.800000000017462,50.100000000034925
Leaflet,SVG,points-3000-seed-41544c53,pan,motion_elapsed_ms,ms,0,5,1501.2999999999884,1501.300000000003,1501.300000000003
Leaflet,SVG,points-3000-seed-41544c53,position-series,operation_sync_ms,ms,0,5,0.10000014305114746,0.20000004768371582,0.20000004768371582
Leaflet,SVG,points-3000-seed-41544c53,position-series,operation_to_raf_opportunities_ms,ms,0,5,23.90000009536743,25.600000143051147,25.600000143051147
Leaflet,SVG,points-3000-seed-41544c53,position-single,operation_sync_ms,ms,0,5,0.0,0.10000014305114746,0.10000014305114746
Leaflet,SVG,points-3000-seed-41544c53,position-single,operation_to_raf_opportunities_ms,ms,0,5,23.399999856948853,23.90000009536743,23.90000009536743
Leaflet,SVG,points-3000-seed-41544c53,remove-100,cumulative_operation_ms,ms,100,5,0.20000004768371582,0.2999999523162842,0.2999999523162842
Leaflet,SVG,points-3000-seed-41544c53,remove-100,operation_sync_ms,ms,0,5,0.2999999523162842,0.2999999523162842,0.2999999523162842
Leaflet,SVG,points-3000-seed-41544c53,remove-100,operation_to_raf_opportunities_ms,ms,0,5,23.59999990463257,30.299999952316284,30.299999952316284
Leaflet,SVG,points-3000-seed-41544c53,remove-1000,cumulative_operation_ms,ms,100,5,0.20000004768371582,0.20000004768371582,0.20000004768371582
Leaflet,SVG,points-3000-seed-41544c53,remove-1000,cumulative_operation_ms,ms,200,5,0.2999999523162842,0.3000001907348633,0.3000001907348633
Leaflet,SVG,points-3000-seed-41544c53,remove-1000,cumulative_operation_ms,ms,300,5,0.39999985694885254,0.40000009536743164,0.40000009536743164
Leaflet,SVG,points-3000-seed-41544c53,remove-1000,cumulative_operation_ms,ms,400,5,0.5,0.5,0.5
Leaflet,SVG,points-3000-seed-41544c53,remove-1000,cumulative_operation_ms,ms,500,5,0.5999999046325684,0.6000001430511475,0.6000001430511475
Leaflet,SVG,points-3000-seed-41544c53,remove-1000,cumulative_operation_ms,ms,600,5,0.7000000476837158,0.8000001907348633,0.8000001907348633
Leaflet,SVG,points-3000-seed-41544c53,remove-1000,cumulative_operation_ms,ms,700,5,0.7999999523162842,0.8000001907348633,0.8000001907348633
Leaflet,SVG,points-3000-seed-41544c53,remove-1000,cumulative_operation_ms,ms,800,5,0.7999999523162842,0.9000000953674316,0.9000000953674316
Leaflet,SVG,points-3000-seed-41544c53,remove-1000,cumulative_operation_ms,ms,900,5,1.0,1.0,1.0
Leaflet,SVG,points-3000-seed-41544c53,remove-1000,cumulative_operation_ms,ms,1000,5,1.2000000476837158,1.3000001907348633,1.3000001907348633
Leaflet,SVG,points-3000-seed-41544c53,remove-1000,operation_sync_ms,ms,0,5,1.2999999523162842,1.3000001907348633,1.3000001907348633
Leaflet,SVG,points-3000-seed-41544c53,remove-1000,operation_to_raf_opportunities_ms,ms,0,5,23.799999952316284,24.0,24.0
Leaflet,SVG,points-3000-seed-41544c53,remove-500,cumulative_operation_ms,ms,100,5,0.20000004768371582,0.20000004768371582,0.20000004768371582
Leaflet,SVG,points-3000-seed-41544c53,remove-500,cumulative_operation_ms,ms,200,5,0.2999999523162842,0.3000001907348633,0.3000001907348633
Leaflet,SVG,points-3000-seed-41544c53,remove-500,cumulative_operation_ms,ms,300,5,0.40000009536743164,0.5,0.5
Leaflet,SVG,points-3000-seed-41544c53,remove-500,cumulative_operation_ms,ms,400,5,0.5,0.5999999046325684,0.5999999046325684
Leaflet,SVG,points-3000-seed-41544c53,remove-500,cumulative_operation_ms,ms,500,5,0.6000001430511475,0.7000000476837158,0.7000000476837158
Leaflet,SVG,points-3000-seed-41544c53,remove-500,operation_sync_ms,ms,0,5,0.7000000476837158,0.7000000476837158,0.7000000476837158
Leaflet,SVG,points-3000-seed-41544c53,remove-500,operation_to_raf_opportunities_ms,ms,0,5,24.0,26.100000143051147,26.100000143051147
Leaflet,SVG,points-3000-seed-41544c53,zoom,camera_api_sync_ms,ms,0,448,5.599999904632568,7.400000095367432,26.100000143051147
Leaflet,SVG,points-3000-seed-41544c53,zoom,camera_updates,count,0,5,90.0,90.0,90.0
Leaflet,SVG,points-3000-seed-41544c53,zoom,frame_interval_ms,ms,0,448,16.69999999999709,16.800000000017462,33.30000000001746
Leaflet,SVG,points-3000-seed-41544c53,zoom,motion_elapsed_ms,ms,0,5,1501.300000000003,1502.2000000000116,1502.2000000000116
Leaflet,SVG,points-5000-seed-41544c53,add-100,cumulative_operation_ms,ms,100,5,0.5,0.6000001430511475,0.6000001430511475
Leaflet,SVG,points-5000-seed-41544c53,add-100,operation_sync_ms,ms,0,5,0.5,0.6000001430511475,0.6000001430511475
Leaflet,SVG,points-5000-seed-41544c53,add-100,operation_to_raf_opportunities_ms,ms,0,5,17.5,18.299999952316284,18.299999952316284
Leaflet,SVG,points-5000-seed-41544c53,add-1000,cumulative_operation_ms,ms,100,5,0.5,0.5999999046325684,0.5999999046325684
Leaflet,SVG,points-5000-seed-41544c53,add-1000,cumulative_operation_ms,ms,200,5,0.9000000953674316,1.0,1.0
Leaflet,SVG,points-5000-seed-41544c53,add-1000,cumulative_operation_ms,ms,300,5,1.3999998569488525,1.4000000953674316,1.4000000953674316
Leaflet,SVG,points-5000-seed-41544c53,add-1000,cumulative_operation_ms,ms,400,5,1.7999999523162842,1.9000000953674316,1.9000000953674316
Leaflet,SVG,points-5000-seed-41544c53,add-1000,cumulative_operation_ms,ms,500,5,2.4000000953674316,2.5,2.5
Leaflet,SVG,points-5000-seed-41544c53,add-1000,cumulative_operation_ms,ms,600,5,2.8999998569488525,2.9000000953674316,2.9000000953674316
Leaflet,SVG,points-5000-seed-41544c53,add-1000,cumulative_operation_ms,ms,700,5,3.299999952316284,3.4000000953674316,3.4000000953674316
Leaflet,SVG,points-5000-seed-41544c53,add-1000,cumulative_operation_ms,ms,800,5,3.700000047683716,3.8000001907348633,3.8000001907348633
Leaflet,SVG,points-5000-seed-41544c53,add-1000,cumulative_operation_ms,ms,900,5,4.099999904632568,4.300000190734863,4.300000190734863
Leaflet,SVG,points-5000-seed-41544c53,add-1000,cumulative_operation_ms,ms,1000,5,4.5,4.700000047683716,4.700000047683716
Leaflet,SVG,points-5000-seed-41544c53,add-1000,operation_sync_ms,ms,0,5,4.5,4.700000047683716,4.700000047683716
Leaflet,SVG,points-5000-seed-41544c53,add-1000,operation_to_raf_opportunities_ms,ms,0,5,16.600000143051147,18.0,18.0
Leaflet,SVG,points-5000-seed-41544c53,add-500,cumulative_operation_ms,ms,100,5,0.5,0.5,0.5
Leaflet,SVG,points-5000-seed-41544c53,add-500,cumulative_operation_ms,ms,200,5,1.0,1.0999999046325684,1.0999999046325684
Leaflet,SVG,points-5000-seed-41544c53,add-500,cumulative_operation_ms,ms,300,5,1.4000000953674316,1.5,1.5
Leaflet,SVG,points-5000-seed-41544c53,add-500,cumulative_operation_ms,ms,400,5,1.7000000476837158,1.8999998569488525,1.8999998569488525
Leaflet,SVG,points-5000-seed-41544c53,add-500,cumulative_operation_ms,ms,500,5,2.5,2.5999999046325684,2.5999999046325684
Leaflet,SVG,points-5000-seed-41544c53,add-500,operation_sync_ms,ms,0,5,2.5,2.5999999046325684,2.5999999046325684
Leaflet,SVG,points-5000-seed-41544c53,add-500,operation_to_raf_opportunities_ms,ms,0,5,16.90000009536743,17.5,17.5
Leaflet,SVG,points-5000-seed-41544c53,load,create_to_raf_opportunities_ms,ms,0,5,76.0,110.79999995231628,110.79999995231628
Leaflet,SVG,points-5000-seed-41544c53,load,leaflet_scene_setup_ms,ms,0,5,50.5,53.39999985694885,53.39999985694885
Leaflet,SVG,points-5000-seed-41544c53,load,owned_element_nodes,count,0,5,5016.0,5016.0,5016.0
Leaflet,SVG,points-5000-seed-41544c53,load,owned_points,count,0,5,0.0,0.0,0.0
Leaflet,SVG,points-5000-seed-41544c53,load,semantic_roots,count,0,5,5000.0,5000.0,5000.0
Leaflet,SVG,points-5000-seed-41544c53,load,svg_element_nodes,count,0,5,5002.0,5002.0,5002.0
Leaflet,SVG,points-5000-seed-41544c53,load,visual_primitives,count,0,5,5000.0,5000.0,5000.0
Leaflet,SVG,points-5000-seed-41544c53,pan,camera_api_sync_ms,ms,0,450,3.3999998569488525,4.0,4.8999998569488525
Leaflet,SVG,points-5000-seed-41544c53,pan,camera_updates,count,0,5,90.0,90.0,90.0
Leaflet,SVG,points-5000-seed-41544c53,pan,frame_interval_ms,ms,0,450,16.69999999999709,16.800000000017462,18.5
Leaflet,SVG,points-5000-seed-41544c53,pan,motion_elapsed_ms,ms,0,5,1501.2000000000116,1501.2999999999884,1501.2999999999884
Leaflet,SVG,points-5000-seed-41544c53,position-series,operation_sync_ms,ms,0,5,0.19999980926513672,0.20000004768371582,0.20000004768371582
Leaflet,SVG,points-5000-seed-41544c53,position-series,operation_to_raf_opportunities_ms,ms,0,5,17.899999856948853,18.09999990463257,18.09999990463257
Leaflet,SVG,points-5000-seed-41544c53,position-single,operation_sync_ms,ms,0,5,0.0,0.09999990463256836,0.09999990463256836
Leaflet,SVG,points-5000-seed-41544c53,position-single,operation_to_raf_opportunities_ms,ms,0,5,17.200000047683716,18.200000047683716,18.200000047683716
Leaflet,SVG,points-5000-seed-41544c53,remove-100,cumulative_operation_ms,ms,100,5,0.19999980926513672,0.2999999523162842,0.2999999523162842
Leaflet,SVG,points-5000-seed-41544c53,remove-100,operation_sync_ms,ms,0,5,0.20000004768371582,0.2999999523162842,0.2999999523162842
Leaflet,SVG,points-5000-seed-41544c53,remove-100,operation_to_raf_opportunities_ms,ms,0,5,17.399999856948853,18.299999952316284,18.299999952316284
Leaflet,SVG,points-5000-seed-41544c53,remove-1000,cumulative_operation_ms,ms,100,5,0.10000014305114746,0.20000004768371582,0.20000004768371582
Leaflet,SVG,points-5000-seed-41544c53,remove-1000,cumulative_operation_ms,ms,200,5,0.2999999523162842,0.2999999523162842,0.2999999523162842
Leaflet,SVG,points-5000-seed-41544c53,remove-1000,cumulative_operation_ms,ms,300,5,0.2999999523162842,0.5,0.5
Leaflet,SVG,points-5000-seed-41544c53,remove-1000,cumulative_operation_ms,ms,400,5,0.5,0.5,0.5
Leaflet,SVG,points-5000-seed-41544c53,remove-1000,cumulative_operation_ms,ms,500,5,0.5,0.7000000476837158,0.7000000476837158
Leaflet,SVG,points-5000-seed-41544c53,remove-1000,cumulative_operation_ms,ms,600,5,0.7000000476837158,0.9000000953674316,0.9000000953674316
Leaflet,SVG,points-5000-seed-41544c53,remove-1000,cumulative_operation_ms,ms,700,5,0.8000001907348633,0.9000000953674316,0.9000000953674316
Leaflet,SVG,points-5000-seed-41544c53,remove-1000,cumulative_operation_ms,ms,800,5,0.9000000953674316,1.1000001430511475,1.1000001430511475
Leaflet,SVG,points-5000-seed-41544c53,remove-1000,cumulative_operation_ms,ms,900,5,1.0,1.2000000476837158,1.2000000476837158
Leaflet,SVG,points-5000-seed-41544c53,remove-1000,cumulative_operation_ms,ms,1000,5,1.1000001430511475,1.2999999523162842,1.2999999523162842
Leaflet,SVG,points-5000-seed-41544c53,remove-1000,operation_sync_ms,ms,0,5,1.2000000476837158,1.5,1.5
Leaflet,SVG,points-5000-seed-41544c53,remove-1000,operation_to_raf_opportunities_ms,ms,0,5,17.200000047683716,17.600000143051147,17.600000143051147
Leaflet,SVG,points-5000-seed-41544c53,remove-500,cumulative_operation_ms,ms,100,5,0.20000004768371582,0.20000004768371582,0.20000004768371582
Leaflet,SVG,points-5000-seed-41544c53,remove-500,cumulative_operation_ms,ms,200,5,0.2999999523162842,0.3000001907348633,0.3000001907348633
Leaflet,SVG,points-5000-seed-41544c53,remove-500,cumulative_operation_ms,ms,300,5,0.40000009536743164,0.5,0.5
Leaflet,SVG,points-5000-seed-41544c53,remove-500,cumulative_operation_ms,ms,400,5,0.5,0.5,0.5
Leaflet,SVG,points-5000-seed-41544c53,remove-500,cumulative_operation_ms,ms,500,5,0.6000001430511475,0.7000000476837158,0.7000000476837158
Leaflet,SVG,points-5000-seed-41544c53,remove-500,operation_sync_ms,ms,0,5,0.7000000476837158,0.8000001907348633,0.8000001907348633
Leaflet,SVG,points-5000-seed-41544c53,remove-500,operation_to_raf_opportunities_ms,ms,0,5,17.700000047683716,18.300000190734863,18.300000190734863
Leaflet,SVG,points-5000-seed-41544c53,zoom,camera_api_sync_ms,ms,0,354,9.900000095367432,13.799999952316284,189.5
Leaflet,SVG,points-5000-seed-41544c53,zoom,camera_updates,count,0,5,75.0,75.0,75.0
Leaflet,SVG,points-5000-seed-41544c53,zoom,frame_interval_ms,ms,0,354,16.70000000001164,33.40000000002328,216.80000000001746
Leaflet,SVG,points-5000-seed-41544c53,zoom,motion_elapsed_ms,ms,0,5,1501.2999999999884,1517.800000000003,1517.800000000003
