phase,roots,scenario,metric,unit,interpretation,before_sample_count,after_sample_count,before_repeat_count,after_repeat_count,before_median,after_median,delta_median,delta_median_percent,before_p95,after_p95,delta_p95,delta_p95_percent,before_max,after_max,delta_max,delta_max_percent
timing,3000,floor-switch,operation_sync_ms,ms,primary_timing,20,20,20,20,0.0,0.0,0.0,,0.0,0.09999990463256836,0.09999990463256836,,0.09999990463256836,0.10000014305114746,2.384185791015625e-07,0.00023841880647545478
timing,3000,floor-switch,operation_to_two_raf_ms,ms,primary_timing,20,20,20,20,27.949999928474426,29.300000071525574,1.3500001430511475,4.830054191434245,36.89999985694885,40.5,3.6000001430511475,9.756097986469804,37.10000014305115,99.90000009536743,62.799999952316284,169.27223641555366
timing,3000,floor-switch,post_sync_svg_delivery_ms,ms,primary_timing,20,20,20,20,10.349999904632568,11.150000095367432,0.8000001907348633,7.729470513103968,16.5,17.200000047683716,0.7000000476837158,4.24242453141646,16.5,35.0,18.5,112.12121212121211
timing,3000,floor-switch,raf_interval_ms,ms,primary_timing,20,20,20,20,16.69999999999709,16.69999999999709,0.0,0.0,16.700000000004366,16.80000000000291,0.09999999999854481,0.5988023952007105,16.799999999995634,16.80000000000291,7.275957614183426e-12,4.330927151300784e-11
timing,3000,floor-switch,svg_last_delivery_from_start_ms,ms,primary_timing,20,20,20,20,10.399999856948853,11.150000095367432,0.7500002384185791,7.211540853218952,16.5,17.200000047683716,0.7000000476837158,4.24242453141646,16.5,35.0,18.5,112.12121212121211
timing,3000,floor-switch,svg_mutation_observed,boolean,primary_timing,20,20,20,20,1.0,1.0,0.0,0.0,1.0,1.0,0.0,0.0,1.0,1.0,0.0,0.0
timing,3000,layer-direct-add,operation_sync_ms,ms,primary_timing,20,20,20,20,0.0,0.0,0.0,,0.09999990463256836,0.10000014305114746,2.384185791015625e-07,0.00023841880647545478,0.10000014305114746,0.10000014305114746,0.0,0.0
timing,3000,layer-direct-add,operation_to_two_raf_ms,ms,primary_timing,20,20,20,20,44.25,46.25,2.0,4.519774011299435,64.10000014305115,56.200000047683716,-7.900000095367432,-12.324493100993921,69.59999990463257,105.80000019073486,36.200000286102295,52.01149473520735
timing,3000,layer-direct-add,post_sync_svg_delivery_ms,ms,primary_timing,20,20,20,20,41.89999997615814,43.60000002384186,1.7000000476837158,4.057279352389133,61.40000009536743,53.59999990463257,-7.800000190734863,-12.703583352800948,67.20000004768372,102.40000009536743,35.200000047683716,52.38095241474186
timing,3000,layer-direct-add,raf_interval_ms,ms,primary_timing,20,20,20,20,33.299999999995634,33.29999999999927,3.637978807091713e-12,1.0924861282559129e-11,50.0,33.400000000001455,-16.599999999998545,-33.19999999999709,50.0,83.30000000000291,33.30000000000291,66.60000000000582
timing,3000,layer-direct-add,svg_last_delivery_from_start_ms,ms,primary_timing,20,20,20,20,41.90000009536743,43.60000002384186,1.6999999284744263,4.057279056336762,61.40000009536743,53.59999990463257,-7.800000190734863,-12.703583352800948,67.20000004768372,102.40000009536743,35.200000047683716,52.38095241474186
timing,3000,layer-direct-add,svg_mutation_observed,boolean,primary_timing,20,20,20,20,1.0,1.0,0.0,0.0,1.0,1.0,0.0,0.0,1.0,1.0,0.0,0.0
timing,3000,layer-direct-remove,operation_sync_ms,ms,primary_timing,20,20,20,20,0.0,0.0,0.0,,0.10000014305114746,0.09999990463256836,-2.384185791015625e-07,-0.00023841823804153723,0.10000014305114746,0.10000014305114746,0.0,0.0
timing,3000,layer-direct-remove,operation_to_two_raf_ms,ms,primary_timing,20,20,20,20,39.549999952316284,46.34999990463257,6.799999952316284,17.19342594314728,52.200000047683716,56.200000047683716,4.0,7.6628352420422905,71.79999995231628,74.70000004768372,2.9000000953674316,4.038997349990773
timing,3000,layer-direct-remove,post_sync_svg_delivery_ms,ms,primary_timing,20,20,20,20,35.799999833106995,43.89999997615814,8.100000143051147,22.625698829083397,49.60000014305115,53.60000014305115,4.0,8.064516105773421,68.90000009536743,72.0,3.0999999046325684,4.4992741659531585
timing,3000,layer-direct-remove,raf_interval_ms,ms,primary_timing,20,20,20,20,16.700000000000728,33.299999999995634,16.599999999994907,99.40119760475558,33.400000000001455,33.5,0.09999999999854481,0.2994011976004205,66.70000000001164,50.0,-16.70000000001164,-25.037481259383398
timing,3000,layer-direct-remove,svg_last_delivery_from_start_ms,ms,primary_timing,20,20,20,20,35.799999833106995,43.949999928474426,8.150000095367432,22.765363501009027,49.60000014305115,53.60000014305115,4.0,8.064516105773421,68.90000009536743,72.0,3.0999999046325684,4.4992741659531585
timing,3000,layer-direct-remove,svg_mutation_observed,boolean,primary_timing,20,20,20,20,1.0,1.0,0.0,0.0,1.0,1.0,0.0,0.0,1.0,1.0,0.0,0.0
timing,3000,load,load_call_sync_ms,ms,primary_timing,20,20,20,20,56.60000002384186,60.34999990463257,3.7499998807907104,6.625441482705092,66.0,81.10000014305115,15.100000143051147,22.87878809553204,122.40000009536743,95.29999995231628,-27.100000143051147,-22.140522975438152
timing,3000,load,load_promise_ms,ms,primary_timing,20,20,20,20,69.65000009536743,74.54999995231628,4.8999998569488525,7.035175664378444,82.59999990463257,95.10000014305115,12.500000238418579,15.133172218947575,139.20000004768372,115.0,-24.200000047683716,-17.385057499564567
timing,3000,load,operation_to_two_raf_ms,ms,primary_timing,20,20,20,20,124.64999997615814,132.64999997615814,8.0,6.417970318114852,149.70000004768372,163.59999990463257,13.899999856948853,9.285237042432403,192.60000014305115,186.29999995231628,-6.300000190734863,-3.2710281339852645
timing,3000,load,post_sync_svg_delivery_ms,ms,primary_timing,20,20,20,20,43.199999928474426,45.550000071525574,2.3500001430511475,5.439815154958348,53.90000009536743,57.80000019073486,3.9000000953674316,7.2356216854675415,54.09999990463257,58.799999952316284,4.700000047683716,8.687615630256694
timing,3000,load,raf_interval_ms,ms,primary_timing,20,20,20,20,50.0,49.8849999999984,-0.11500000000160071,-0.23000000000320142,50.0,50.10000000000218,0.10000000000218279,0.20000000000436557,50.0,66.69999999999709,16.69999999999709,33.39999999999418
timing,3000,load,svg_last_delivery_from_start_ms,ms,primary_timing,20,20,20,20,100.05000007152557,105.95000004768372,5.899999976158142,5.897051446217134,120.09999990463257,134.30000019073486,14.200000286102295,11.82348068058122,169.5,153.10000014305115,-16.399999856948853,-9.675516139792833
timing,3000,load,svg_mutation_observed,boolean,primary_timing,20,20,20,20,1.0,1.0,0.0,0.0,1.0,1.0,0.0,0.0,1.0,1.0,0.0,0.0
timing,3000,pan,camera_api_sync_ms,ms,primary_timing,480,480,20,20,0.0,0.0,0.0,,0.09999990463256836,0.09999990463256836,0.0,0.0,0.10000014305114746,0.10000014305114746,0.0,0.0
timing,3000,pan,post_sync_svg_delivery_ms,ms,primary_timing,480,480,20,20,16.699999809265137,16.699999809265137,0.0,0.0,17.40000009536743,17.299999952316284,-0.10000014305114746,-0.5747134626612529,33.80000019073486,67.10000014305115,33.299999952316284,98.52070936213889
timing,3000,pan,raf_interval_ms,ms,primary_timing,480,480,20,20,16.69999999999709,16.69999999999709,0.0,0.0,16.70000000001164,16.79999999998836,0.09999999997671694,0.5988023950697439,16.80000000000291,66.69999999999709,49.89999999999418,297.0238095237234
timing,3000,pan,svg_last_delivery_from_start_ms,ms,primary_timing,480,480,20,20,16.700000047683716,16.699999809265137,-2.384185791015625e-07,-1.4276561582084011e-06,17.5,17.299999952316284,-0.20000004768371582,-1.142857415335519,33.80000019073486,67.20000004768372,33.39999985694885,98.81656706648286
timing,3000,pick-hit,spatial_pick_sync_ms,ms,primary_timing,800,800,20,20,0.10000014305114746,0.10000014305114746,0.0,0.0,0.20000004768371582,0.20000004768371582,0.0,0.0,3.0,0.6000001430511475,-2.3999998569488525,-79.99999523162842
timing,3000,pick-miss,spatial_pick_sync_ms,ms,primary_timing,800,800,20,20,0.5,0.5999999046325684,0.09999990463256836,19.999980926513672,0.7000000476837158,0.7000000476837158,0.0,0.0,1.5,3.700000047683716,2.200000047683716,146.66666984558105
timing,3000,polygon-baseZ,operation_sync_ms,ms,primary_timing,20,20,20,20,0.0,0.0,0.0,,0.09999990463256836,0.10000014305114746,2.384185791015625e-07,0.00023841880647545478,0.10000014305114746,0.10000014305114746,0.0,0.0
timing,3000,polygon-baseZ,operation_to_two_raf_ms,ms,primary_timing,20,20,20,20,29.649999976158142,28.25,-1.399999976158142,-4.721753717652263,43.700000047683716,42.60000014305115,-1.0999999046325684,-2.517162250417144,78.0,42.799999952316284,-35.200000047683716,-45.1282051893381
timing,3000,polygon-baseZ,post_sync_svg_delivery_ms,ms,primary_timing,20,20,20,20,16.799999952316284,15.349999904632568,-1.4500000476837158,-8.630952689281397,19.399999856948853,18.299999952316284,-1.0999999046325684,-5.670102643008842,75.59999990463257,38.799999952316284,-36.799999952316284,-48.67724867558006
timing,3000,polygon-baseZ,raf_interval_ms,ms,primary_timing,20,20,20,20,16.69999999999709,16.60000000000582,-0.09999999999126885,-0.5988023951574029,16.80000000000291,16.700000000000728,-0.10000000000218279,-0.5952380952509849,50.0,16.700000000004366,-33.299999999995634,-66.59999999999127
timing,3000,polygon-baseZ,svg_last_delivery_from_start_ms,ms,primary_timing,20,20,20,20,16.799999952316284,15.399999976158142,-1.399999976158142,-8.333333215070148,19.399999856948853,18.299999952316284,-1.0999999046325684,-5.670102643008842,75.70000004768372,38.799999952316284,-36.90000009536743,-48.74504633041477
timing,3000,polygon-baseZ,svg_mutation_observed,boolean,primary_timing,20,20,20,20,1.0,1.0,0.0,0.0,1.0,1.0,0.0,0.0,1.0,1.0,0.0,0.0
timing,3000,polygon-height,operation_sync_ms,ms,primary_timing,20,20,20,20,0.0,0.0,0.0,,0.0,0.10000014305114746,0.10000014305114746,,0.10000014305114746,0.10000014305114746,0.0,0.0
timing,3000,polygon-height,operation_to_two_raf_ms,ms,primary_timing,20,20,20,20,29.40000009536743,30.449999928474426,1.0499998331069946,3.5714279921803245,32.89999985694885,47.40000009536743,14.500000238418579,44.0729492445758,33.09999990463257,62.40000009536743,29.300000190734863,88.51963829351592
timing,3000,polygon-height,post_sync_svg_delivery_ms,ms,primary_timing,20,20,20,20,16.300000071525574,17.299999952316284,0.9999998807907104,6.1349685668873555,19.799999952316284,44.90000009536743,25.100000143051147,126.76767779544791,20.09999990463257,55.0,34.90000009536743,173.63184209430676
timing,3000,polygon-height,raf_interval_ms,ms,primary_timing,20,20,20,20,16.650000000001455,16.69999999999709,0.049999999995634425,0.3003003002740544,16.700000000004366,33.30000000000291,16.599999999998545,99.40119760475572,16.70000000001164,49.900000000001455,33.199999999989814,198.80239520938125
timing,3000,polygon-height,svg_last_delivery_from_start_ms,ms,primary_timing,20,20,20,20,16.300000071525574,17.299999952316284,0.9999998807907104,6.1349685668873555,19.799999952316284,44.90000009536743,25.100000143051147,126.76767779544791,20.09999990463257,55.09999990463257,35.0,174.12935406001338
timing,3000,polygon-height,svg_mutation_observed,boolean,primary_timing,20,20,20,20,1.0,1.0,0.0,0.0,1.0,1.0,0.0,0.0,1.0,1.0,0.0,0.0
timing,3000,polygon-vertex,operation_sync_ms,ms,primary_timing,20,20,20,20,0.0,0.0,0.0,,0.10000014305114746,0.10000014305114746,0.0,0.0,0.20000004768371582,0.10000014305114746,-0.09999990463256836,-49.999940395369435
timing,3000,polygon-vertex,operation_to_two_raf_ms,ms,primary_timing,20,20,20,20,27.84999990463257,28.100000023841858,0.25000011920928955,0.8976664993370593,38.200000047683716,32.40000009536743,-5.799999952316284,-15.183245929519238,54.200000047683716,41.60000014305115,-12.599999904632568,-23.247232275917757
timing,3000,polygon-vertex,post_sync_svg_delivery_ms,ms,primary_timing,20,20,20,20,7.050000071525574,11.75000011920929,4.700000047683716,66.66666666666666,17.299999952316284,15.100000143051147,-2.1999998092651367,-12.716761938317694,35.90000009536743,38.799999952316284,2.8999998569488525,8.077994009039212
timing,3000,polygon-vertex,raf_interval_ms,ms,primary_timing,20,20,20,20,16.69999999999709,16.69999999999709,0.0,0.0,16.700000000000728,16.79999999998836,0.09999999998763087,0.5988023951354882,16.700000000004366,16.799999999995634,0.09999999999126885,0.598802395157142
timing,3000,polygon-vertex,svg_last_delivery_from_start_ms,ms,primary_timing,20,20,20,20,7.100000023841858,11.800000071525574,4.700000047683716,66.1971835479025,17.299999952316284,15.200000047683716,-2.0999999046325684,-12.138727805900375,35.90000009536743,38.799999952316284,2.8999998569488525,8.077994009039212
timing,3000,polygon-vertex,svg_mutation_observed,boolean,primary_timing,20,20,20,20,1.0,1.0,0.0,0.0,1.0,1.0,0.0,0.0,1.0,1.0,0.0,0.0
timing,3000,root-add,operation_sync_ms,ms,primary_timing,20,20,20,20,0.09999990463256836,0.09999990463256836,0.0,0.0,0.20000004768371582,0.10000014305114746,-0.09999990463256836,-49.999940395369435,0.20000004768371582,0.10000014305114746,-0.09999990463256836,-49.999940395369435
timing,3000,root-add,operation_to_two_raf_ms,ms,primary_timing,20,20,20,20,44.60000014305115,44.5,-0.10000014305114746,-0.22421556666009984,58.299999952316284,77.40000009536743,19.100000143051147,32.76157831676344,73.30000019073486,98.20000004768372,24.899999856948853,33.96998607388301
timing,3000,root-add,post_sync_svg_delivery_ms,ms,primary_timing,20,20,20,20,41.700000047683716,41.84999990463257,0.14999985694885254,0.35971188675618354,54.90000009536743,74.90000009536743,20.0,36.429872432163506,70.89999985694885,94.70000004768372,23.800000190734863,33.56840654267258
timing,3000,root-add,raf_interval_ms,ms,primary_timing,20,20,20,20,16.69999999999891,33.30000000000291,16.600000000004002,99.40119760482088,33.399999999999636,50.10000000000218,16.700000000002547,50.00000000000817,50.0,83.40000000000146,33.400000000001455,66.80000000000291
timing,3000,root-add,svg_last_delivery_from_start_ms,ms,primary_timing,20,20,20,20,41.800000071525574,41.950000047683716,0.1499999761581421,0.35885161698916607,54.90000009536743,75.0,20.09999990463257,36.612021620613156,71.0,94.79999995231628,23.799999952316284,33.52112669340322
timing,3000,root-add,svg_mutation_observed,boolean,primary_timing,20,20,20,20,1.0,1.0,0.0,0.0,1.0,1.0,0.0,0.0,1.0,1.0,0.0,0.0
timing,3000,root-remove,operation_sync_ms,ms,primary_timing,20,20,20,20,0.20000004768371582,0.20000004768371582,0.0,0.0,0.2999999523162842,0.2999999523162842,0.0,0.0,0.3000001907348633,5.299999952316284,4.999999761581421,1666.665527556402
timing,3000,root-remove,operation_to_two_raf_ms,ms,primary_timing,20,20,20,20,43.89999985694885,45.10000002384186,1.2000001668930054,2.7334855826954167,57.10000014305115,48.60000014305115,-8.5,-14.886164586173678,75.0,108.29999995231628,33.299999952316284,44.399999936421715
timing,3000,root-remove,post_sync_svg_delivery_ms,ms,primary_timing,20,20,20,20,40.85000002384186,41.950000047683716,1.100000023841858,2.692778514565115,54.09999990463257,45.700000047683716,-8.399999856948853,-15.526801981065368,71.90000009536743,89.0,17.09999990463257,23.783031824688877
timing,3000,root-remove,raf_interval_ms,ms,primary_timing,20,20,20,20,33.25,16.700000000000728,-16.549999999999272,-49.774436090223375,33.40000000000873,33.400000000001455,-7.275957614183426e-12,-2.1784304234076417e-11,50.0,83.30000000000291,33.30000000000291,66.60000000000582
timing,3000,root-remove,svg_last_delivery_from_start_ms,ms,primary_timing,20,20,20,20,41.049999952316284,42.65000009536743,1.6000001430511475,3.8976861020942972,54.299999952316284,45.90000009536743,-8.399999856948853,-15.469613009807254,72.20000004768372,89.19999980926514,16.99999976158142,23.545706025420987
timing,3000,root-remove,svg_mutation_observed,boolean,primary_timing,20,20,20,20,1.0,1.0,0.0,0.0,1.0,1.0,0.0,0.0,1.0,1.0,0.0,0.0
timing,3000,route-add,operation_sync_ms,ms,primary_timing,20,20,20,20,0.0,0.0,0.0,,0.09999990463256836,0.20000004768371582,0.10000014305114746,100.00023841880648,0.10000014305114746,0.20000004768371582,0.09999990463256836,99.99976158176196
timing,3000,route-add,operation_to_two_raf_ms,ms,primary_timing,20,20,20,20,44.700000047683716,27.00000011920929,-17.699999928474426,-39.59731523398871,73.79999995231628,54.59999990463257,-19.200000047683716,-26.016260244023353,139.90000009536743,87.5,-52.40000009536743,-37.45532527494442
timing,3000,route-add,post_sync_svg_delivery_ms,ms,primary_timing,20,20,20,20,42.10000002384186,15.75,-26.350000023841858,-62.589073655390635,71.40000009536743,23.0,-48.40000009536743,-67.78711488896442,136.79999995231628,51.700000047683716,-85.09999990463257,-62.20760229115165
timing,3000,route-add,raf_interval_ms,ms,primary_timing,20,20,20,20,16.700000000004366,16.69999999999709,-7.275957614183426e-12,-4.3568608468152835e-11,50.0,16.80000000000291,-33.19999999999709,-66.39999999999418,116.69999999999709,33.19999999999709,-83.5,-71.55098543273529
timing,3000,route-add,svg_last_delivery_from_start_ms,ms,primary_timing,20,20,20,20,42.14999997615814,15.850000143051147,-26.299999833106995,-62.39620367255851,71.40000009536743,23.100000143051147,-48.299999952316284,-67.64705866639079,136.79999995231628,51.700000047683716,-85.09999990463257,-62.20760229115165
timing,3000,route-add,svg_mutation_observed,boolean,primary_timing,20,20,20,20,1.0,1.0,0.0,0.0,1.0,1.0,0.0,0.0,1.0,1.0,0.0,0.0
timing,3000,route-insert,operation_sync_ms,ms,primary_timing,20,20,20,20,0.0,0.0,0.0,,0.10000014305114746,0.10000014305114746,0.0,0.0,0.20000004768371582,0.20000004768371582,0.0,0.0
timing,3000,route-insert,operation_to_two_raf_ms,ms,primary_timing,20,20,20,20,43.10000002384186,28.299999952316284,-14.800000071525574,-34.33874724672524,89.89999985694885,32.39999985694885,-57.5,-63.9599556078926,126.79999995231628,43.59999990463257,-83.20000004768372,-65.61514201811629
timing,3000,route-insert,post_sync_svg_delivery_ms,ms,primary_timing,20,20,20,20,40.550000071525574,16.700000047683716,-23.850000023841858,-58.81627615727047,87.10000014305115,29.399999856948853,-57.700000286102295,-66.24569482357873,123.60000014305115,40.90000009536743,-82.70000004768372,-66.90938507440863
timing,3000,route-insert,raf_interval_ms,ms,primary_timing,20,20,20,20,16.69999999999891,16.69999999999709,-1.8189894035458565e-12,-1.0892152117041768e-11,83.30000000000291,16.70000000001164,-66.59999999999127,-79.95198079230366,99.89999999999964,16.80000000000291,-83.09999999999673,-83.1831831831802
timing,3000,route-insert,svg_last_delivery_from_start_ms,ms,primary_timing,20,20,20,20,40.65000009536743,16.700000047683716,-23.950000047683716,-58.91758915497054,87.20000004768372,29.399999856948853,-57.80000019073486,-66.284403852211,123.70000004768372,41.0,-82.70000004768372,-66.8552950814912
timing,3000,route-insert,svg_mutation_observed,boolean,primary_timing,20,20,20,20,1.0,1.0,0.0,0.0,1.0,1.0,0.0,0.0,1.0,1.0,0.0,0.0
timing,3000,route-remove,operation_sync_ms,ms,primary_timing,20,20,20,20,0.0,0.0,0.0,,0.09999990463256836,0.10000014305114746,2.384185791015625e-07,0.00023841880647545478,0.10000014305114746,0.10000014305114746,0.0,0.0
timing,3000,route-remove,operation_to_two_raf_ms,ms,primary_timing,20,20,20,20,43.14999997615814,30.649999976158142,-12.5,-28.96871380511397,53.40000009536743,67.40000009536743,14.0,26.217228417597944,83.10000014305115,82.09999990463257,-1.000000238418579,-1.2033697192504753
timing,3000,route-remove,post_sync_svg_delivery_ms,ms,primary_timing,20,20,20,20,41.59999990463257,18.899999976158142,-22.699999928474426,-54.56730764546602,51.799999952316284,65.09999990463257,13.299999952316284,25.67567560725753,80.70000004768372,80.09999990463257,-0.6000001430511475,-0.7434946006153923
timing,3000,route-remove,raf_interval_ms,ms,primary_timing,20,20,20,20,16.749999999996362,16.69999999999709,-0.049999999999272404,-0.2985074626822881,33.39999999999782,50.09999999999127,16.69999999999345,49.999999999983665,66.69999999999709,66.70000000000437,7.275957614183426e-12,1.0908482180185522e-11
timing,3000,route-remove,svg_last_delivery_from_start_ms,ms,primary_timing,20,20,20,20,41.64999997615814,18.949999928474426,-22.700000047683716,-54.50180086597349,51.799999952316284,65.09999990463257,13.299999952316284,25.67567560725753,80.70000004768372,80.09999990463257,-0.6000001430511475,-0.7434946006153923
timing,3000,route-remove,svg_mutation_observed,boolean,primary_timing,20,20,20,20,1.0,1.0,0.0,0.0,1.0,1.0,0.0,0.0,1.0,1.0,0.0,0.0
timing,3000,route-replacePoints,operation_sync_ms,ms,primary_timing,20,20,20,20,0.04999995231628418,0.04999995231628418,0.0,0.0,0.10000014305114746,0.10000014305114746,0.0,0.0,0.10000014305114746,0.10000014305114746,0.0,0.0
timing,3000,route-replacePoints,operation_to_two_raf_ms,ms,primary_timing,20,20,20,20,45.25,28.450000047683716,-16.799999952316284,-37.12707171782604,70.20000004768372,45.700000047683716,-24.5,-34.9002848765787,72.09999990463257,50.89999985694885,-21.200000047683716,-29.40360620766322
timing,3000,route-replacePoints,post_sync_svg_delivery_ms,ms,primary_timing,20,20,20,20,42.85000002384186,17.25000011920929,-25.59999990463257,-59.743290292622305,67.89999985694885,38.09999990463257,-29.799999952316284,-43.88807071443104,69.69999980926514,48.0,-21.699999809265137,-31.133428792894463
timing,3000,route-replacePoints,raf_interval_ms,ms,primary_timing,20,20,20,20,24.999999999996362,16.69999999999709,-8.299999999999272,-33.20000000000192,49.90000000000873,33.29999999999927,-16.60000000000946,-33.2665330661454,50.0,33.30000000000291,-16.69999999999709,-33.39999999999418
timing,3000,route-replacePoints,svg_last_delivery_from_start_ms,ms,primary_timing,20,20,20,20,42.90000009536743,17.300000190734863,-25.59999990463257,-59.67365931870241,67.89999985694885,38.19999980926514,-29.700000047683716,-43.740795449566164,69.69999980926514,48.0,-21.699999809265137,-31.133428792894463
timing,3000,route-replacePoints,svg_mutation_observed,boolean,primary_timing,20,20,20,20,1.0,1.0,0.0,0.0,1.0,1.0,0.0,0.0,1.0,1.0,0.0,0.0
timing,3000,vertex-position,operation_sync_ms,ms,primary_timing,20,20,20,20,0.0,0.0,0.0,,0.10000014305114746,0.09999990463256836,-2.384185791015625e-07,-0.00023841823804153723,0.19999980926513672,0.10000014305114746,-0.09999966621398926,-49.99988079059676
timing,3000,vertex-position,operation_to_two_raf_ms,ms,primary_timing,20,20,20,20,29.700000047683716,25.75,-3.950000047683716,-13.299663438861758,89.89999985694885,34.0,-55.89999985694885,-62.18020016228959,94.60000014305115,41.80000019073486,-52.799999952316284,-55.81395335356637
timing,3000,vertex-position,post_sync_svg_delivery_ms,ms,primary_timing,20,20,20,20,12.800000071525574,8.850000023841858,-3.950000047683716,-30.859375200088834,16.5,15.599999904632568,-0.9000000953674316,-5.454546032529889,20.40000009536743,25.300000190734863,4.900000095367432,24.01960819833602
timing,3000,vertex-position,raf_interval_ms,ms,primary_timing,20,20,20,20,16.60000000000582,16.69999999999709,0.09999999999126885,0.6024096385014084,16.69999999999709,16.70000000001164,1.4551915228366852e-11,8.713721693634364e-11,16.799999999999272,16.80000000000291,3.637978807091713e-12,2.165463575649923e-11
timing,3000,vertex-position,svg_last_delivery_from_start_ms,ms,primary_timing,20,20,20,20,12.800000071525574,8.899999976158142,-3.9000000953674316,-30.468750574800644,16.5,15.699999809265137,-0.8000001907348633,-4.848486004453717,20.5,25.300000190734863,4.800000190734863,23.41463507675543
timing,3000,vertex-position,svg_mutation_observed,boolean,primary_timing,20,20,20,20,1.0,1.0,0.0,0.0,1.0,1.0,0.0,0.0,1.0,1.0,0.0,0.0
timing,3000,zoom,camera_api_sync_ms,ms,primary_timing,480,480,20,20,0.0,0.0,0.0,,0.09999990463256836,0.10000014305114746,2.384185791015625e-07,0.00023841880647545478,0.10000014305114746,0.10000014305114746,0.0,0.0
timing,3000,zoom,post_sync_svg_delivery_ms,ms,primary_timing,480,480,20,20,16.700000047683716,16.699999809265137,-2.384185791015625e-07,-1.4276561582084011e-06,19.100000143051147,19.59999990463257,0.4999997615814209,2.6177997792493626,290.2999999523163,119.09999990463257,-171.20000004768372,-58.973475740890265
timing,3000,zoom,raf_interval_ms,ms,primary_timing,480,480,20,20,16.69999999999709,16.69999999999709,0.0,0.0,16.80000000000291,16.80000000000291,0.0,0.0,283.40000000000146,116.80000000000291,-166.59999999999854,-58.78616796047908
timing,3000,zoom,svg_last_delivery_from_start_ms,ms,primary_timing,480,480,20,20,16.700000047683716,16.700000047683716,0.0,0.0,19.200000047683716,19.600000143051147,0.40000009536743164,2.083333824864691,290.2999999523163,119.09999990463257,-171.20000004768372,-58.973475740890265
timing,5000,floor-switch,operation_sync_ms,ms,primary_timing,20,20,20,20,0.0,0.0,0.0,,0.10000014305114746,0.09999990463256836,-2.384185791015625e-07,-0.00023841823804153723,0.10000014305114746,0.10000014305114746,0.0,0.0
timing,5000,floor-switch,operation_to_two_raf_ms,ms,primary_timing,20,20,20,20,23.00000011920929,26.200000047683716,3.1999999284744263,13.913043095168637,42.5,31.600000143051147,-10.899999856948853,-25.64705848693848,48.0,32.200000047683716,-15.799999952316284,-32.91666656732559
timing,5000,floor-switch,post_sync_svg_delivery_ms,ms,primary_timing,20,20,20,20,5.449999928474426,10.25,4.800000071525574,88.0733969636803,34.59999990463257,15.400000095367432,-19.199999809265137,-55.49132908146183,35.59999990463257,15.400000095367432,-20.199999809265137,-56.74157264993853
timing,5000,floor-switch,raf_interval_ms,ms,primary_timing,20,20,20,20,16.70000000001164,16.699999999982538,-2.9103830456733704e-11,-1.7427443387253542e-10,16.70000000001164,16.70000000001164,0.0,0.0,33.30000000001746,16.800000000017462,-16.5,-49.54954954952356
timing,5000,floor-switch,svg_last_delivery_from_start_ms,ms,primary_timing,20,20,20,20,5.5,10.25,4.75,86.36363636363636,34.59999990463257,15.400000095367432,-19.199999809265137,-55.49132908146183,35.59999990463257,15.400000095367432,-20.199999809265137,-56.74157264993853
timing,5000,floor-switch,svg_mutation_observed,boolean,primary_timing,20,20,20,20,1.0,1.0,0.0,0.0,1.0,1.0,0.0,0.0,1.0,1.0,0.0,0.0
timing,5000,layer-direct-add,operation_sync_ms,ms,primary_timing,20,20,20,20,0.0,0.0,0.0,,0.10000014305114746,0.09999990463256836,-2.384185791015625e-07,-0.00023841823804153723,0.10000014305114746,0.10000014305114746,0.0,0.0
timing,5000,layer-direct-add,operation_to_two_raf_ms,ms,primary_timing,20,20,20,20,65.5,67.09999990463257,1.5999999046325684,2.442747946003921,83.29999995231628,78.0,-5.299999952316284,-6.362544964405981,117.30000019073486,120.10000014305115,2.799999952316284,2.3870417286985193
timing,5000,layer-direct-add,post_sync_svg_delivery_ms,ms,primary_timing,20,20,20,20,61.299999952316284,63.049999952316284,1.75,2.8548124002631003,78.39999985694885,72.59999990463257,-5.799999952316284,-7.3979591363509565,110.70000004768372,116.20000004768372,5.5,4.968383015023388
timing,5000,layer-direct-add,raf_interval_ms,ms,primary_timing,20,20,20,20,50.0,50.0,0.0,0.0,66.70000000001164,66.60000000000582,-0.10000000000582077,-0.14992503748995997,100.0,100.0,0.0,0.0
timing,5000,layer-direct-add,svg_last_delivery_from_start_ms,ms,primary_timing,20,20,20,20,61.299999952316284,63.049999952316284,1.75,2.8548124002631003,78.39999985694885,72.70000004768372,-5.699999809265137,-7.27040793324686,110.80000019073486,116.20000004768372,5.3999998569488525,4.873646071889088
timing,5000,layer-direct-add,svg_mutation_observed,boolean,primary_timing,20,20,20,20,1.0,1.0,0.0,0.0,1.0,1.0,0.0,0.0,1.0,1.0,0.0,0.0
timing,5000,layer-direct-remove,operation_sync_ms,ms,primary_timing,20,20,20,20,0.0,0.0,0.0,,0.10000014305114746,0.10000014305114746,0.0,0.0,0.10000014305114746,0.10000014305114746,0.0,0.0
timing,5000,layer-direct-remove,operation_to_two_raf_ms,ms,primary_timing,20,20,20,20,66.04999995231628,65.85000002384186,-0.19999992847442627,-0.30280080033128376,116.69999980926514,70.90000009536743,-45.799999713897705,-39.245929553344794,121.20000004768372,148.79999995231628,27.59999990463257,22.772277140077477
timing,5000,layer-direct-remove,post_sync_svg_delivery_ms,ms,primary_timing,20,20,20,20,62.14999997615814,61.949999928474426,-0.20000004768371582,-0.3218021685606427,111.89999985694885,66.80000019073486,-45.09999966621399,-40.30384246994558,115.09999990463257,144.09999990463257,29.0,25.195482210276527
timing,5000,layer-direct-remove,raf_interval_ms,ms,primary_timing,20,20,20,20,50.0,50.0,0.0,0.0,99.89999999999418,50.10000000000582,-49.79999999998836,-49.8498498498411,100.0,133.40000000002328,33.40000000002328,33.40000000002328
timing,5000,layer-direct-remove,svg_last_delivery_from_start_ms,ms,primary_timing,20,20,20,20,62.199999928474426,62.0,-0.19999992847442627,-0.3215432937369967,111.89999985694885,66.80000019073486,-45.09999966621399,-40.30384246994558,115.09999990463257,144.09999990463257,29.0,25.195482210276527
timing,5000,layer-direct-remove,svg_mutation_observed,boolean,primary_timing,20,20,20,20,1.0,1.0,0.0,0.0,1.0,1.0,0.0,0.0,1.0,1.0,0.0,0.0
timing,5000,load,load_call_sync_ms,ms,primary_timing,20,20,20,20,99.65000009536743,101.65000009536743,2.0,2.0070245841304084,118.5,113.20000004768372,-5.299999952316284,-4.472573799423025,142.40000009536743,174.70000004768372,32.299999952316284,22.682584220986296
timing,5000,load,load_promise_ms,ms,primary_timing,20,20,20,20,123.10000002384186,129.64999997615814,6.549999952316284,5.320877295733297,147.10000014305115,146.59999990463257,-0.5000002384185791,-0.33990498839724076,174.90000009536743,219.0,44.09999990463257,25.214408165000705
timing,5000,load,operation_to_two_raf_ms,ms,primary_timing,20,20,20,20,227.45000004768372,234.5,7.049999952316284,3.0995823041715926,303.2000000476837,352.30000019073486,49.10000014305115,16.193931443050555,350.90000009536743,387.5,36.59999990463257,10.430321999055412
timing,5000,load,post_sync_svg_delivery_ms,ms,primary_timing,20,20,20,20,79.90000009536743,88.25,8.349999904632568,10.450563072172885,110.5,142.90000009536743,32.40000009536743,29.32126705463116,158.09999990463257,198.79999995231628,40.700000047683716,25.743200551697875
timing,5000,load,raf_interval_ms,ms,primary_timing,20,20,20,20,83.30000000001746,83.29999999998836,-2.9103830456733704e-11,-3.493857197686387e-11,116.69999999998254,133.30000000001746,16.600000000034925,14.224507283665302,166.70000000001164,199.89999999999418,33.19999999998254,19.916016796628806
timing,5000,load,svg_last_delivery_from_start_ms,ms,primary_timing,20,20,20,20,179.95000004768372,187.84999990463257,7.8999998569488525,4.390108282776041,247.90000009536743,299.60000014305115,51.700000047683716,20.855183552962753,257.40000009536743,317.60000014305115,60.200000047683716,23.38772339758331
timing,5000,load,svg_mutation_observed,boolean,primary_timing,20,20,20,20,1.0,1.0,0.0,0.0,1.0,1.0,0.0,0.0,1.0,1.0,0.0,0.0
timing,5000,pan,camera_api_sync_ms,ms,primary_timing,480,480,20,20,0.0,0.0,0.0,,0.09999990463256836,0.10000014305114746,2.384185791015625e-07,0.00023841880647545478,0.10000014305114746,0.10000014305114746,0.0,0.0
timing,5000,pan,post_sync_svg_delivery_ms,ms,primary_timing,480,480,20,20,16.699999809265137,16.600000143051147,-0.09999966621398926,-0.5988004033300023,17.59999990463257,17.700000047683716,0.10000014305114746,0.5681826340511855,46.40000009536743,182.20000004768372,135.79999995231628,292.67241308879767
timing,5000,pan,raf_interval_ms,ms,primary_timing,480,480,20,20,16.699999999982538,16.699999999982538,0.0,0.0,16.79999999998836,16.79999999998836,0.0,0.0,50.0,166.59999999997672,116.59999999997672,233.19999999995343
timing,5000,pan,svg_last_delivery_from_start_ms,ms,primary_timing,480,480,20,20,16.699999809265137,16.699999809265137,0.0,0.0,17.59999990463257,17.700000047683716,0.10000014305114746,0.5681826340511855,46.40000009536743,182.20000004768372,135.79999995231628,292.67241308879767
timing,5000,pick-hit,spatial_pick_sync_ms,ms,primary_timing,800,800,20,20,0.20000004768371582,0.20000004768371582,0.0,0.0,0.3000001907348633,0.3000001907348633,0.0,0.0,3.299999952316284,18.90000009536743,15.600000143051147,472.7272838928813
timing,5000,pick-miss,spatial_pick_sync_ms,ms,primary_timing,800,800,20,20,1.0999999046325684,1.0999999046325684,0.0,0.0,1.3000001907348633,1.2999999523162842,-2.384185791015625e-07,-1.833988800930786e-05,10.199999809265137,6.0,-4.199999809265137,-41.1764694882649
timing,5000,polygon-baseZ,operation_sync_ms,ms,primary_timing,20,20,20,20,0.0,0.0,0.0,,0.09999990463256836,0.10000014305114746,2.384185791015625e-07,0.00023841880647545478,0.10000014305114746,0.20000004768371582,0.09999990463256836,99.99976158176196
timing,5000,polygon-baseZ,operation_to_two_raf_ms,ms,primary_timing,20,20,20,20,26.549999952316284,24.799999952316284,-1.75,-6.591337111649696,49.80000019073486,30.5,-19.300000190734863,-38.75502031489062,115.5,30.59999990463257,-84.90000009536743,-73.50649358906271
timing,5000,polygon-baseZ,post_sync_svg_delivery_ms,ms,primary_timing,20,20,20,20,15.0,14.549999952316284,-0.4500000476837158,-3.000000317891439,22.199999809265137,20.200000047683716,-1.999999761581421,-9.009008012453783,45.60000014305115,21.299999952316284,-24.300000190734863,-53.289473935315044
timing,5000,polygon-baseZ,raf_interval_ms,ms,primary_timing,20,20,20,20,16.60000000000582,16.699999999982538,0.09999999997671694,0.6024096384137462,16.70000000001164,16.70000000001164,0.0,0.0,33.30000000000291,16.800000000017462,-16.499999999985448,-49.54954954950152
timing,5000,polygon-baseZ,svg_last_delivery_from_start_ms,ms,primary_timing,20,20,20,20,15.0,14.549999952316284,-0.4500000476837158,-3.000000317891439,22.299999952316284,20.299999952316284,-2.0,-8.96860988464828,45.60000014305115,21.299999952316284,-24.300000190734863,-53.289473935315044
timing,5000,polygon-baseZ,svg_mutation_observed,boolean,primary_timing,20,20,20,20,1.0,1.0,0.0,0.0,1.0,1.0,0.0,0.0,1.0,1.0,0.0,0.0
timing,5000,polygon-height,operation_sync_ms,ms,primary_timing,20,20,20,20,0.0,0.0,0.0,,0.09999990463256836,0.10000014305114746,2.384185791015625e-07,0.00023841880647545478,0.10000014305114746,0.10000014305114746,0.0,0.0
timing,5000,polygon-height,operation_to_two_raf_ms,ms,primary_timing,20,20,20,20,27.850000023841858,28.299999952316284,0.44999992847442627,1.6157986645931413,61.10000014305115,32.200000047683716,-28.90000009536743,-47.29950904698026,73.39999985694885,36.5,-36.89999985694885,-50.272479467117456
timing,5000,polygon-height,post_sync_svg_delivery_ms,ms,primary_timing,20,20,20,20,17.950000047683716,17.200000047683716,-0.75,-4.178272969401918,22.700000047683716,23.09999990463257,0.39999985694885254,1.7621139035621636,57.700000047683716,33.700000047683716,-24.0,-41.59445403841632
timing,5000,polygon-height,raf_interval_ms,ms,primary_timing,20,20,20,20,16.699999999982538,16.700000000004366,2.1827872842550278e-11,1.3070582540462935e-10,33.30000000001746,16.70000000001164,-16.60000000000582,-49.849849849841185,33.30000000001746,16.70000000001164,-16.60000000000582,-49.849849849841185
timing,5000,polygon-height,svg_last_delivery_from_start_ms,ms,primary_timing,20,20,20,20,18.0,17.200000047683716,-0.7999999523162842,-4.444444179534912,22.799999952316284,23.09999990463257,0.2999999523162842,1.315789267296936,57.700000047683716,33.700000047683716,-24.0,-41.59445403841632
timing,5000,polygon-height,svg_mutation_observed,boolean,primary_timing,20,20,20,20,1.0,1.0,0.0,0.0,1.0,1.0,0.0,0.0,1.0,1.0,0.0,0.0
timing,5000,polygon-vertex,operation_sync_ms,ms,primary_timing,20,20,20,20,0.09999990463256836,0.09999990463256836,0.0,0.0,0.10000014305114746,0.20000004768371582,0.09999990463256836,99.99976158176196,0.2999999523162842,0.3000001907348633,2.384185791015625e-07,7.94728723323937e-05
timing,5000,polygon-vertex,operation_to_two_raf_ms,ms,primary_timing,20,20,20,20,25.100000023841858,26.84999990463257,1.7499998807907104,6.97211107222482,33.09999990463257,32.80000019073486,-0.2999997138977051,-0.9063435491300956,43.799999952316284,34.40000009536743,-9.399999856948853,-21.461186911375215
timing,5000,polygon-vertex,post_sync_svg_delivery_ms,ms,primary_timing,20,20,20,20,9.599999904632568,10.050000071525574,0.45000016689300537,4.687501785034953,16.5,15.400000095367432,-1.0999999046325684,-6.666666088682232,27.300000190734863,16.200000047683716,-11.100000143051147,-40.65934089926596
timing,5000,polygon-vertex,raf_interval_ms,ms,primary_timing,20,20,20,20,16.699999999982538,16.699999999989814,7.275957614183426e-12,4.356860846820979e-11,16.70000000001164,16.79999999998836,0.09999999997671694,0.5988023950697439,16.800000000017462,16.79999999998836,-2.9103830456733704e-11,-1.7323708605180627e-10
timing,5000,polygon-vertex,svg_last_delivery_from_start_ms,ms,primary_timing,20,20,20,20,9.799999952316284,10.150000095367432,0.35000014305114746,3.5714300485116124,16.59999990463257,15.400000095367432,-1.1999998092651367,-7.228914555175704,27.40000009536743,16.200000047683716,-11.200000047683716,-40.87591244051609
timing,5000,polygon-vertex,svg_mutation_observed,boolean,primary_timing,20,20,20,20,1.0,1.0,0.0,0.0,1.0,1.0,0.0,0.0,1.0,1.0,0.0,0.0
timing,5000,root-add,operation_sync_ms,ms,primary_timing,20,20,20,20,0.09999990463256836,0.10000002384185791,1.1920928955078125e-07,0.00011920940323772739,0.10000014305114746,0.19999980926513672,0.09999966621398926,99.99952316352392,0.2999999523162842,0.20000004768371582,-0.09999990463256836,-33.33330684237589
timing,5000,root-add,operation_to_two_raf_ms,ms,primary_timing,20,20,20,20,69.85000002384186,69.20000004768372,-0.6499999761581421,-0.9305654630440631,155.5,122.40000009536743,-33.09999990463257,-21.286173572110975,214.79999995231628,140.0,-74.79999995231628,-34.82309123320355
timing,5000,root-add,post_sync_svg_delivery_ms,ms,primary_timing,20,20,20,20,65.549999833107,64.84999990463257,-0.6999999284744263,-1.0678870026798701,151.70000004768372,117.69999980926514,-34.00000023841858,-22.412656709117595,209.79999995231628,135.20000004768372,-74.59999990463257,-35.557673937839745
timing,5000,root-add,raf_interval_ms,ms,primary_timing,20,20,20,20,50.0,50.0,0.0,0.0,133.39999999999418,116.60000000000582,-16.79999999998836,-12.593703148417609,199.89999999999418,133.30000000001746,-66.59999999997672,-33.3166583291539
timing,5000,root-add,svg_last_delivery_from_start_ms,ms,primary_timing,20,20,20,20,65.549999833107,64.89999997615814,-0.6499998569488525,-0.9916092427212494,151.70000004768372,117.79999995231628,-33.90000009536743,-22.346737036724903,209.89999985694885,135.29999995231628,-74.59999990463257,-35.54073366149309
timing,5000,root-add,svg_mutation_observed,boolean,primary_timing,20,20,20,20,1.0,1.0,0.0,0.0,1.0,1.0,0.0,0.0,1.0,1.0,0.0,0.0
timing,5000,root-remove,operation_sync_ms,ms,primary_timing,20,20,20,20,0.2999999523162842,0.2999999523162842,0.0,0.0,0.3000001907348633,0.40000009536743164,0.09999990463256836,33.33328035146055,0.3000001907348633,0.7000000476837158,0.39999985694885254,133.33320087865138
timing,5000,root-remove,operation_to_two_raf_ms,ms,primary_timing,20,20,20,20,64.85000014305115,65.35000002384186,0.49999988079071045,0.7710098376064334,118.0,163.5,45.5,38.559322033898304,126.0,220.90000009536743,94.90000009536743,75.31746039314876
timing,5000,root-remove,post_sync_svg_delivery_ms,ms,primary_timing,20,20,20,20,60.449999928474426,60.90000009536743,0.45000016689300537,0.744417150414316,113.5,158.29999995231628,44.799999952316284,39.47136559675444,120.79999995231628,215.40000009536743,94.60000014305115,78.31125842747754
timing,5000,root-remove,raf_interval_ms,ms,primary_timing,20,20,20,20,50.0,50.0,0.0,0.0,100.0,133.39999999999418,33.39999999999418,33.39999999999418,116.70000000001164,216.60000000000582,99.89999999999418,85.60411311052631
timing,5000,root-remove,svg_last_delivery_from_start_ms,ms,primary_timing,20,20,20,20,60.75000011920929,61.25000011920929,0.5,0.8230452658746562,113.79999995231628,158.59999990463257,44.799999952316284,39.367311046650336,121.10000014305115,215.60000014305115,94.5,78.03468198874525
timing,5000,root-remove,svg_mutation_observed,boolean,primary_timing,20,20,20,20,1.0,1.0,0.0,0.0,1.0,1.0,0.0,0.0,1.0,1.0,0.0,0.0
timing,5000,route-add,operation_sync_ms,ms,primary_timing,20,20,20,20,0.0,0.0,0.0,,0.10000014305114746,0.10000014305114746,0.0,0.0,0.10000014305114746,0.20000004768371582,0.09999990463256836,99.99976158176196
timing,5000,route-add,operation_to_two_raf_ms,ms,primary_timing,20,20,20,20,63.699999928474426,27.700000047683716,-35.99999988079071,-56.51491353408685,102.09999990463257,34.299999952316284,-67.79999995231628,-66.40548483412879,114.60000014305115,63.299999952316284,-51.30000019073486,-44.76439801631665
timing,5000,route-add,post_sync_svg_delivery_ms,ms,primary_timing,20,20,20,20,59.449999928474426,19.450000166893005,-39.99999976158142,-67.28343113491384,97.70000004768372,24.399999856948853,-73.30000019073486,-75.02558869494358,110.10000014305115,27.59999990463257,-82.50000023841858,-74.93188022818134
timing,5000,route-add,raf_interval_ms,ms,primary_timing,20,20,20,20,50.0,16.70000000001164,-33.29999999998836,-66.59999999997672,83.19999999998254,16.79999999998836,-66.39999999999418,-79.80769230770206,100.0,33.29999999998836,-66.70000000001164,-66.70000000001164
timing,5000,route-add,svg_last_delivery_from_start_ms,ms,primary_timing,20,20,20,20,59.449999928474426,19.50000011920929,-39.94999980926514,-67.19932692570201,97.70000004768372,24.399999856948853,-73.30000019073486,-75.02558869494358,110.10000014305115,27.700000047683716,-82.40000009536743,-74.84105357702674
timing,5000,route-add,svg_mutation_observed,boolean,primary_timing,20,20,20,20,1.0,1.0,0.0,0.0,1.0,1.0,0.0,0.0,1.0,1.0,0.0,0.0
timing,5000,route-insert,operation_sync_ms,ms,primary_timing,20,20,20,20,0.04999995231628418,0.0,-0.04999995231628418,-100.0,0.10000014305114746,0.09999990463256836,-2.384185791015625e-07,-0.00023841823804153723,0.20000004768371582,0.09999990463256836,-0.10000014305114746,-50.000059604630565
timing,5000,route-insert,operation_to_two_raf_ms,ms,primary_timing,20,20,20,20,66.05000007152557,24.450000047683716,-41.60000002384186,-62.982588915659655,121.79999995231628,31.40000009536743,-90.39999985694885,-74.22003275233146,123.89999985694885,45.5,-78.39999985694885,-63.27683611579265
timing,5000,route-insert,post_sync_svg_delivery_ms,ms,primary_timing,20,20,20,20,61.299999952316284,17.850000023841858,-43.449999928474426,-70.88091347842264,117.10000014305115,24.09999990463257,-93.00000023841858,-79.41929985039143,119.59999990463257,41.0,-78.59999990463257,-65.71906351781534
timing,5000,route-insert,raf_interval_ms,ms,primary_timing,20,20,20,20,50.0,16.699999999982538,-33.30000000001746,-66.60000000003492,100.0,16.70000000001164,-83.29999999998836,-83.29999999998836,100.0,16.70000000001164,-83.29999999998836,-83.29999999998836
timing,5000,route-insert,svg_last_delivery_from_start_ms,ms,primary_timing,20,20,20,20,61.39999997615814,17.899999976158142,-43.5,-70.8469055649694,117.10000014305115,24.09999990463257,-93.00000023841858,-79.41929985039143,119.69999980926514,41.0,-78.69999980926514,-65.74770253522885
timing,5000,route-insert,svg_mutation_observed,boolean,primary_timing,20,20,20,20,1.0,1.0,0.0,0.0,1.0,1.0,0.0,0.0,1.0,1.0,0.0,0.0
timing,5000,route-remove,operation_sync_ms,ms,primary_timing,20,20,20,20,0.0,0.0,0.0,,0.09999990463256836,0.10000014305114746,2.384185791015625e-07,0.00023841880647545478,0.10000014305114746,0.10000014305114746,0.0,0.0
timing,5000,route-remove,operation_to_two_raf_ms,ms,primary_timing,20,20,20,20,65.75,27.00000011920929,-38.74999988079071,-58.93536103542313,166.10000014305115,34.59999990463257,-131.50000023841858,-79.16917527102117,228.79999995231628,98.09999990463257,-130.70000004768372,-57.12412590687177
timing,5000,route-remove,post_sync_svg_delivery_ms,ms,primary_timing,20,20,20,20,62.64999997615814,18.00000011920929,-44.64999985694885,-71.268954307966,163.20000004768372,30.0,-133.20000004768372,-81.61764706419447,224.79999995231628,94.5,-130.29999995231628,-57.96263344304049
timing,5000,route-remove,raf_interval_ms,ms,primary_timing,20,20,20,20,50.0,16.699999999982538,-33.30000000001746,-66.60000000003492,149.89999999999418,16.70000000001164,-133.19999999998254,-88.85923949298713,200.0,83.30000000000291,-116.69999999999709,-58.349999999998545
timing,5000,route-remove,svg_last_delivery_from_start_ms,ms,primary_timing,20,20,20,20,62.64999997615814,18.050000071525574,-44.59999990463257,-71.18914592435017,163.20000004768372,30.0,-133.20000004768372,-81.61764706419447,224.89999985694885,94.5,-130.39999985694885,-57.98132500662152
timing,5000,route-remove,svg_mutation_observed,boolean,primary_timing,20,20,20,20,1.0,1.0,0.0,0.0,1.0,1.0,0.0,0.0,1.0,1.0,0.0,0.0
timing,5000,route-replacePoints,operation_sync_ms,ms,primary_timing,20,20,20,20,0.0,0.04999995231628418,0.04999995231628418,,0.10000014305114746,0.10000014305114746,0.0,0.0,0.10000014305114746,0.10000014305114746,0.0,0.0
timing,5000,route-replacePoints,operation_to_two_raf_ms,ms,primary_timing,20,20,20,20,65.10000002384186,27.99999988079071,-37.10000014305115,-56.98924751069716,82.20000004768372,38.200000047683716,-44.0,-53.52798050422856,84.60000014305115,60.59999990463257,-24.00000023841858,-28.368794560090656
timing,5000,route-replacePoints,post_sync_svg_delivery_ms,ms,primary_timing,20,20,20,20,60.950000047683716,19.850000023841858,-41.10000002384186,-67.43232156142349,77.70000004768372,29.799999952316284,-47.90000009536743,-61.64736173226728,79.40000009536743,55.200000047683716,-24.200000047683716,-30.4785894441021
timing,5000,route-replacePoints,raf_interval_ms,ms,primary_timing,20,20,20,20,50.0,16.70000000001164,-33.29999999998836,-66.59999999997672,66.69999999998254,16.70000000001164,-49.999999999970896,-74.96251874060567,66.70000000001164,50.0,-16.70000000001164,-25.037481259383398
timing,5000,route-replacePoints,svg_last_delivery_from_start_ms,ms,primary_timing,20,20,20,20,60.950000047683716,19.949999928474426,-41.00000011920929,-67.2682528090784,77.79999995231628,29.799999952316284,-48.0,-61.696658135500336,79.40000009536743,55.299999952316284,-24.100000143051147,-30.352644979980614
timing,5000,route-replacePoints,svg_mutation_observed,boolean,primary_timing,20,20,20,20,1.0,1.0,0.0,0.0,1.0,1.0,0.0,0.0,1.0,1.0,0.0,0.0
timing,5000,vertex-position,operation_sync_ms,ms,primary_timing,20,20,20,20,0.0,0.0,0.0,,0.09999990463256836,0.10000014305114746,2.384185791015625e-07,0.00023841880647545478,0.10000014305114746,0.10000014305114746,0.0,0.0
timing,5000,vertex-position,operation_to_two_raf_ms,ms,primary_timing,20,20,20,20,27.449999928474426,28.950000047683716,1.5000001192092896,5.464481322833483,32.59999990463257,56.69999980926514,24.09999990463257,73.92638029182288,32.799999952316284,58.200000047683716,25.40000009536743,77.43902479357693
timing,5000,vertex-position,post_sync_svg_delivery_ms,ms,primary_timing,20,20,20,20,10.949999928474426,11.00000011920929,0.05000019073486328,0.4566227494197746,16.09999990463257,26.5,10.400000095367432,64.59627426690211,16.200000047683716,33.200000047683716,17.0,104.93827129605884
timing,5000,vertex-position,raf_interval_ms,ms,primary_timing,20,20,20,20,16.70000000001164,16.699999999982538,-2.9103830456733704e-11,-1.7427443387253542e-10,16.800000000017462,16.800000000017462,0.0,0.0,16.800000000017462,33.40000000000873,16.59999999999127,98.80952380936914
timing,5000,vertex-position,svg_last_delivery_from_start_ms,ms,primary_timing,20,20,20,20,10.99999988079071,11.050000190734863,0.05000030994415283,0.45454827714560553,16.199999809265137,26.5,10.300000190734863,63.58024883953435,16.200000047683716,33.200000047683716,17.0,104.93827129605884
timing,5000,vertex-position,svg_mutation_observed,boolean,primary_timing,20,20,20,20,1.0,1.0,0.0,0.0,1.0,1.0,0.0,0.0,1.0,1.0,0.0,0.0
timing,5000,zoom,camera_api_sync_ms,ms,primary_timing,480,480,20,20,0.0,0.0,0.0,,0.09999990463256836,0.10000014305114746,2.384185791015625e-07,0.00023841880647545478,0.20000004768371582,0.20000004768371582,0.0,0.0
timing,5000,zoom,post_sync_svg_delivery_ms,ms,primary_timing,480,480,20,20,21.699999928474426,23.299999952316284,1.600000023841858,7.373272023574345,32.39999985694885,34.09999990463257,1.7000000476837158,5.246913750584834,156.40000009536743,324.7999999523163,168.39999985694885,107.6726341139797
timing,5000,zoom,raf_interval_ms,ms,primary_timing,480,480,20,20,16.70000000001164,16.70000000001164,0.0,0.0,33.39999999999418,33.39999999999418,0.0,0.0,166.69999999998254,316.6000000000058,149.90000000002328,89.92201559690402
timing,5000,zoom,svg_last_delivery_from_start_ms,ms,primary_timing,480,480,20,20,21.699999928474426,23.300000190734863,1.600000262260437,7.37327312227748,32.39999985694885,34.09999990463257,1.7000000476837158,5.246913750584834,156.40000009536743,324.89999985694885,168.49999976158142,107.73657267188992
