phase,roots,scenario,metric,unit,sample_count,repeat_count,median,p95,max
"timing","3000","pick-hit","spatial_pick_sync_ms","ms","800","20","0.10000014305114746","0.20000004768371582","3"
"timing","3000","pick-miss","spatial_pick_sync_ms","ms","800","20","0.5","0.7000000476837158","1.5"
"timing","3000","floor-switch","operation_sync_ms","ms","20","20","0","0","0.09999990463256836"
"timing","3000","floor-switch","operation_to_two_raf_ms","ms","20","20","27.949999928474426","36.89999985694885","37.10000014305115"
"timing","3000","floor-switch","raf_interval_ms","ms","20","20","16.69999999999709","16.700000000004366","16.799999999995634"
"timing","3000","floor-switch","svg_mutation_observed","boolean","20","20","1","1","1"
"timing","3000","floor-switch","svg_last_delivery_from_start_ms","ms","20","20","10.399999856948853","16.5","16.5"
"timing","3000","floor-switch","post_sync_svg_delivery_ms","ms","20","20","10.349999904632568","16.5","16.5"
"timing","3000","vertex-position","operation_sync_ms","ms","20","20","0","0.10000014305114746","0.19999980926513672"
"timing","3000","vertex-position","operation_to_two_raf_ms","ms","20","20","29.700000047683716","89.89999985694885","94.60000014305115"
"timing","3000","vertex-position","raf_interval_ms","ms","20","20","16.60000000000582","16.69999999999709","16.799999999999272"
"timing","3000","vertex-position","svg_mutation_observed","boolean","20","20","1","1","1"
"timing","3000","vertex-position","svg_last_delivery_from_start_ms","ms","20","20","12.800000071525574","16.5","20.5"
"timing","3000","vertex-position","post_sync_svg_delivery_ms","ms","20","20","12.800000071525574","16.5","20.40000009536743"
"timing","3000","route-add","operation_sync_ms","ms","20","20","0","0.09999990463256836","0.10000014305114746"
"timing","3000","route-add","operation_to_two_raf_ms","ms","20","20","44.700000047683716","73.79999995231628","139.90000009536743"
"timing","3000","route-add","raf_interval_ms","ms","20","20","16.700000000004366","50","116.69999999999709"
"timing","3000","route-add","svg_mutation_observed","boolean","20","20","1","1","1"
"timing","3000","route-add","svg_last_delivery_from_start_ms","ms","20","20","42.14999997615814","71.40000009536743","136.79999995231628"
"timing","3000","route-add","post_sync_svg_delivery_ms","ms","20","20","42.10000002384186","71.40000009536743","136.79999995231628"
"timing","3000","route-insert","operation_sync_ms","ms","20","20","0","0.10000014305114746","0.20000004768371582"
"timing","3000","route-insert","operation_to_two_raf_ms","ms","20","20","43.10000002384186","89.89999985694885","126.79999995231628"
"timing","3000","route-insert","raf_interval_ms","ms","20","20","16.69999999999891","83.30000000000291","99.89999999999964"
"timing","3000","route-insert","svg_mutation_observed","boolean","20","20","1","1","1"
"timing","3000","route-insert","svg_last_delivery_from_start_ms","ms","20","20","40.65000009536743","87.20000004768372","123.70000004768372"
"timing","3000","route-insert","post_sync_svg_delivery_ms","ms","20","20","40.550000071525574","87.10000014305115","123.60000014305115"
"timing","3000","route-remove","operation_sync_ms","ms","20","20","0","0.09999990463256836","0.10000014305114746"
"timing","3000","route-remove","operation_to_two_raf_ms","ms","20","20","43.14999997615814","53.40000009536743","83.10000014305115"
"timing","3000","route-remove","raf_interval_ms","ms","20","20","16.749999999996362","33.39999999999782","66.69999999999709"
"timing","3000","route-remove","svg_mutation_observed","boolean","20","20","1","1","1"
"timing","3000","route-remove","svg_last_delivery_from_start_ms","ms","20","20","41.64999997615814","51.799999952316284","80.70000004768372"
"timing","3000","route-remove","post_sync_svg_delivery_ms","ms","20","20","41.59999990463257","51.799999952316284","80.70000004768372"
"timing","3000","route-replacePoints","operation_sync_ms","ms","20","20","0.04999995231628418","0.10000014305114746","0.10000014305114746"
"timing","3000","route-replacePoints","operation_to_two_raf_ms","ms","20","20","45.25","70.20000004768372","72.09999990463257"
"timing","3000","route-replacePoints","raf_interval_ms","ms","20","20","24.999999999996362","49.90000000000873","50"
"timing","3000","route-replacePoints","svg_mutation_observed","boolean","20","20","1","1","1"
"timing","3000","route-replacePoints","svg_last_delivery_from_start_ms","ms","20","20","42.90000009536743","67.89999985694885","69.69999980926514"
"timing","3000","route-replacePoints","post_sync_svg_delivery_ms","ms","20","20","42.85000002384186","67.89999985694885","69.69999980926514"
"timing","3000","polygon-vertex","operation_sync_ms","ms","20","20","0","0.10000014305114746","0.20000004768371582"
"timing","3000","polygon-vertex","operation_to_two_raf_ms","ms","20","20","27.84999990463257","38.200000047683716","54.200000047683716"
"timing","3000","polygon-vertex","raf_interval_ms","ms","20","20","16.69999999999709","16.700000000000728","16.700000000004366"
"timing","3000","polygon-vertex","svg_mutation_observed","boolean","20","20","1","1","1"
"timing","3000","polygon-vertex","svg_last_delivery_from_start_ms","ms","20","20","7.100000023841858","17.299999952316284","35.90000009536743"
"timing","3000","polygon-vertex","post_sync_svg_delivery_ms","ms","20","20","7.050000071525574","17.299999952316284","35.90000009536743"
"timing","3000","polygon-baseZ","operation_sync_ms","ms","20","20","0","0.09999990463256836","0.10000014305114746"
"timing","3000","polygon-baseZ","operation_to_two_raf_ms","ms","20","20","29.649999976158142","43.700000047683716","78"
"timing","3000","polygon-baseZ","raf_interval_ms","ms","20","20","16.69999999999709","16.80000000000291","50"
"timing","3000","polygon-baseZ","svg_mutation_observed","boolean","20","20","1","1","1"
"timing","3000","polygon-baseZ","svg_last_delivery_from_start_ms","ms","20","20","16.799999952316284","19.399999856948853","75.70000004768372"
"timing","3000","polygon-baseZ","post_sync_svg_delivery_ms","ms","20","20","16.799999952316284","19.399999856948853","75.59999990463257"
"timing","3000","polygon-height","operation_sync_ms","ms","20","20","0","0","0.10000014305114746"
"timing","3000","polygon-height","operation_to_two_raf_ms","ms","20","20","29.40000009536743","32.89999985694885","33.09999990463257"
"timing","3000","polygon-height","raf_interval_ms","ms","20","20","16.650000000001455","16.700000000004366","16.70000000001164"
"timing","3000","polygon-height","svg_mutation_observed","boolean","20","20","1","1","1"
"timing","3000","polygon-height","svg_last_delivery_from_start_ms","ms","20","20","16.300000071525574","19.799999952316284","20.09999990463257"
"timing","3000","polygon-height","post_sync_svg_delivery_ms","ms","20","20","16.300000071525574","19.799999952316284","20.09999990463257"
"timing","3000","root-add","operation_sync_ms","ms","20","20","0.09999990463256836","0.20000004768371582","0.20000004768371582"
"timing","3000","root-add","operation_to_two_raf_ms","ms","20","20","44.60000014305115","58.299999952316284","73.30000019073486"
"timing","3000","root-add","raf_interval_ms","ms","20","20","16.69999999999891","33.399999999999636","50"
"timing","3000","root-add","svg_mutation_observed","boolean","20","20","1","1","1"
"timing","3000","root-add","svg_last_delivery_from_start_ms","ms","20","20","41.800000071525574","54.90000009536743","71"
"timing","3000","root-add","post_sync_svg_delivery_ms","ms","20","20","41.700000047683716","54.90000009536743","70.89999985694885"
"timing","3000","root-remove","operation_sync_ms","ms","20","20","0.20000004768371582","0.2999999523162842","0.3000001907348633"
"timing","3000","root-remove","operation_to_two_raf_ms","ms","20","20","43.89999985694885","57.10000014305115","75"
"timing","3000","root-remove","raf_interval_ms","ms","20","20","33.25","33.40000000000873","50"
"timing","3000","root-remove","svg_mutation_observed","boolean","20","20","1","1","1"
"timing","3000","root-remove","svg_last_delivery_from_start_ms","ms","20","20","41.049999952316284","54.299999952316284","72.20000004768372"
"timing","3000","root-remove","post_sync_svg_delivery_ms","ms","20","20","40.85000002384186","54.09999990463257","71.90000009536743"
"timing","3000","layer-direct-add","operation_sync_ms","ms","20","20","0","0.09999990463256836","0.10000014305114746"
"timing","3000","layer-direct-add","operation_to_two_raf_ms","ms","20","20","44.25","64.10000014305115","69.59999990463257"
"timing","3000","layer-direct-add","raf_interval_ms","ms","20","20","33.299999999995634","50","50"
"timing","3000","layer-direct-add","svg_mutation_observed","boolean","20","20","1","1","1"
"timing","3000","layer-direct-add","svg_last_delivery_from_start_ms","ms","20","20","41.90000009536743","61.40000009536743","67.20000004768372"
"timing","3000","layer-direct-add","post_sync_svg_delivery_ms","ms","20","20","41.89999997615814","61.40000009536743","67.20000004768372"
"timing","3000","layer-direct-remove","operation_sync_ms","ms","20","20","0","0.10000014305114746","0.10000014305114746"
"timing","3000","layer-direct-remove","operation_to_two_raf_ms","ms","20","20","39.549999952316284","52.200000047683716","71.79999995231628"
"timing","3000","layer-direct-remove","raf_interval_ms","ms","20","20","16.700000000000728","33.400000000001455","66.70000000001164"
"timing","3000","layer-direct-remove","svg_mutation_observed","boolean","20","20","1","1","1"
"timing","3000","layer-direct-remove","svg_last_delivery_from_start_ms","ms","20","20","35.799999833106995","49.60000014305115","68.90000009536743"
"timing","3000","layer-direct-remove","post_sync_svg_delivery_ms","ms","20","20","35.799999833106995","49.60000014305115","68.90000009536743"
"timing","3000","load","load_call_sync_ms","ms","20","20","56.60000002384186","66","122.40000009536743"
"timing","3000","load","load_promise_ms","ms","20","20","69.65000009536743","82.59999990463257","139.20000004768372"
"timing","3000","load","operation_to_two_raf_ms","ms","20","20","124.64999997615814","149.70000004768372","192.60000014305115"
"timing","3000","load","raf_interval_ms","ms","20","20","50","50","50"
"timing","3000","load","svg_mutation_observed","boolean","20","20","1","1","1"
"timing","3000","load","svg_last_delivery_from_start_ms","ms","20","20","100.05000007152557","120.09999990463257","169.5"
"timing","3000","load","post_sync_svg_delivery_ms","ms","20","20","43.199999928474426","53.90000009536743","54.09999990463257"
"timing","3000","pan","raf_interval_ms","ms","480","20","16.69999999999709","16.70000000001164","16.80000000000291"
"timing","3000","pan","camera_api_sync_ms","ms","480","20","0","0.09999990463256836","0.10000014305114746"
"timing","3000","pan","svg_last_delivery_from_start_ms","ms","480","20","16.700000047683716","17.5","33.80000019073486"
"timing","3000","pan","post_sync_svg_delivery_ms","ms","480","20","16.699999809265137","17.40000009536743","33.80000019073486"
"timing","3000","zoom","raf_interval_ms","ms","480","20","16.69999999999709","16.80000000000291","283.40000000000146"
"timing","3000","zoom","camera_api_sync_ms","ms","480","20","0","0.09999990463256836","0.10000014305114746"
"timing","3000","zoom","svg_last_delivery_from_start_ms","ms","480","20","16.700000047683716","19.200000047683716","290.2999999523163"
"timing","3000","zoom","post_sync_svg_delivery_ms","ms","480","20","16.700000047683716","19.100000143051147","290.2999999523163"
"timing","5000","pick-hit","spatial_pick_sync_ms","ms","800","20","0.20000004768371582","0.3000001907348633","3.299999952316284"
"timing","5000","pick-miss","spatial_pick_sync_ms","ms","800","20","1.0999999046325684","1.3000001907348633","10.199999809265137"
"timing","5000","floor-switch","operation_sync_ms","ms","20","20","0","0.10000014305114746","0.10000014305114746"
"timing","5000","floor-switch","operation_to_two_raf_ms","ms","20","20","23.00000011920929","42.5","48"
"timing","5000","floor-switch","raf_interval_ms","ms","20","20","16.70000000001164","16.70000000001164","33.30000000001746"
"timing","5000","floor-switch","svg_mutation_observed","boolean","20","20","1","1","1"
"timing","5000","floor-switch","svg_last_delivery_from_start_ms","ms","20","20","5.5","34.59999990463257","35.59999990463257"
"timing","5000","floor-switch","post_sync_svg_delivery_ms","ms","20","20","5.449999928474426","34.59999990463257","35.59999990463257"
"timing","5000","vertex-position","operation_sync_ms","ms","20","20","0","0.09999990463256836","0.10000014305114746"
"timing","5000","vertex-position","operation_to_two_raf_ms","ms","20","20","27.449999928474426","32.59999990463257","32.799999952316284"
"timing","5000","vertex-position","raf_interval_ms","ms","20","20","16.70000000001164","16.800000000017462","16.800000000017462"
"timing","5000","vertex-position","svg_mutation_observed","boolean","20","20","1","1","1"
"timing","5000","vertex-position","svg_last_delivery_from_start_ms","ms","20","20","10.99999988079071","16.199999809265137","16.200000047683716"
"timing","5000","vertex-position","post_sync_svg_delivery_ms","ms","20","20","10.949999928474426","16.09999990463257","16.200000047683716"
"timing","5000","route-add","operation_sync_ms","ms","20","20","0","0.10000014305114746","0.10000014305114746"
"timing","5000","route-add","operation_to_two_raf_ms","ms","20","20","63.699999928474426","102.09999990463257","114.60000014305115"
"timing","5000","route-add","raf_interval_ms","ms","20","20","50","83.19999999998254","100"
"timing","5000","route-add","svg_mutation_observed","boolean","20","20","1","1","1"
"timing","5000","route-add","svg_last_delivery_from_start_ms","ms","20","20","59.449999928474426","97.70000004768372","110.10000014305115"
"timing","5000","route-add","post_sync_svg_delivery_ms","ms","20","20","59.449999928474426","97.70000004768372","110.10000014305115"
"timing","5000","route-insert","operation_sync_ms","ms","20","20","0.04999995231628418","0.10000014305114746","0.20000004768371582"
"timing","5000","route-insert","operation_to_two_raf_ms","ms","20","20","66.05000007152557","121.79999995231628","123.89999985694885"
"timing","5000","route-insert","raf_interval_ms","ms","20","20","50","100","100"
"timing","5000","route-insert","svg_mutation_observed","boolean","20","20","1","1","1"
"timing","5000","route-insert","svg_last_delivery_from_start_ms","ms","20","20","61.39999997615814","117.10000014305115","119.69999980926514"
"timing","5000","route-insert","post_sync_svg_delivery_ms","ms","20","20","61.299999952316284","117.10000014305115","119.59999990463257"
"timing","5000","route-remove","operation_sync_ms","ms","20","20","0","0.09999990463256836","0.10000014305114746"
"timing","5000","route-remove","operation_to_two_raf_ms","ms","20","20","65.75","166.10000014305115","228.79999995231628"
"timing","5000","route-remove","raf_interval_ms","ms","20","20","50","149.89999999999418","200"
"timing","5000","route-remove","svg_mutation_observed","boolean","20","20","1","1","1"
"timing","5000","route-remove","svg_last_delivery_from_start_ms","ms","20","20","62.64999997615814","163.20000004768372","224.89999985694885"
"timing","5000","route-remove","post_sync_svg_delivery_ms","ms","20","20","62.64999997615814","163.20000004768372","224.79999995231628"
"timing","5000","route-replacePoints","operation_sync_ms","ms","20","20","0","0.10000014305114746","0.10000014305114746"
"timing","5000","route-replacePoints","operation_to_two_raf_ms","ms","20","20","65.10000002384186","82.20000004768372","84.60000014305115"
"timing","5000","route-replacePoints","raf_interval_ms","ms","20","20","50","66.69999999998254","66.70000000001164"
"timing","5000","route-replacePoints","svg_mutation_observed","boolean","20","20","1","1","1"
"timing","5000","route-replacePoints","svg_last_delivery_from_start_ms","ms","20","20","60.950000047683716","77.79999995231628","79.40000009536743"
"timing","5000","route-replacePoints","post_sync_svg_delivery_ms","ms","20","20","60.950000047683716","77.70000004768372","79.40000009536743"
"timing","5000","polygon-vertex","operation_sync_ms","ms","20","20","0.09999990463256836","0.10000014305114746","0.2999999523162842"
"timing","5000","polygon-vertex","operation_to_two_raf_ms","ms","20","20","25.100000023841858","33.09999990463257","43.799999952316284"
"timing","5000","polygon-vertex","raf_interval_ms","ms","20","20","16.699999999982538","16.70000000001164","16.800000000017462"
"timing","5000","polygon-vertex","svg_mutation_observed","boolean","20","20","1","1","1"
"timing","5000","polygon-vertex","svg_last_delivery_from_start_ms","ms","20","20","9.799999952316284","16.59999990463257","27.40000009536743"
"timing","5000","polygon-vertex","post_sync_svg_delivery_ms","ms","20","20","9.599999904632568","16.5","27.300000190734863"
"timing","5000","polygon-baseZ","operation_sync_ms","ms","20","20","0","0.09999990463256836","0.10000014305114746"
"timing","5000","polygon-baseZ","operation_to_two_raf_ms","ms","20","20","26.549999952316284","49.80000019073486","115.5"
"timing","5000","polygon-baseZ","raf_interval_ms","ms","20","20","16.60000000000582","16.70000000001164","33.30000000000291"
"timing","5000","polygon-baseZ","svg_mutation_observed","boolean","20","20","1","1","1"
"timing","5000","polygon-baseZ","svg_last_delivery_from_start_ms","ms","20","20","15","22.299999952316284","45.60000014305115"
"timing","5000","polygon-baseZ","post_sync_svg_delivery_ms","ms","20","20","15","22.199999809265137","45.60000014305115"
"timing","5000","polygon-height","operation_sync_ms","ms","20","20","0","0.09999990463256836","0.10000014305114746"
"timing","5000","polygon-height","operation_to_two_raf_ms","ms","20","20","27.850000023841858","61.10000014305115","73.39999985694885"
"timing","5000","polygon-height","raf_interval_ms","ms","20","20","16.699999999982538","33.30000000001746","33.30000000001746"
"timing","5000","polygon-height","svg_mutation_observed","boolean","20","20","1","1","1"
"timing","5000","polygon-height","svg_last_delivery_from_start_ms","ms","20","20","18","22.799999952316284","57.700000047683716"
"timing","5000","polygon-height","post_sync_svg_delivery_ms","ms","20","20","17.950000047683716","22.700000047683716","57.700000047683716"
"timing","5000","root-add","operation_sync_ms","ms","20","20","0.09999990463256836","0.10000014305114746","0.2999999523162842"
"timing","5000","root-add","operation_to_two_raf_ms","ms","20","20","69.85000002384186","155.5","214.79999995231628"
"timing","5000","root-add","raf_interval_ms","ms","20","20","50","133.39999999999418","199.89999999999418"
"timing","5000","root-add","svg_mutation_observed","boolean","20","20","1","1","1"
"timing","5000","root-add","svg_last_delivery_from_start_ms","ms","20","20","65.549999833107","151.70000004768372","209.89999985694885"
"timing","5000","root-add","post_sync_svg_delivery_ms","ms","20","20","65.549999833107","151.70000004768372","209.79999995231628"
"timing","5000","root-remove","operation_sync_ms","ms","20","20","0.2999999523162842","0.3000001907348633","0.3000001907348633"
"timing","5000","root-remove","operation_to_two_raf_ms","ms","20","20","64.85000014305115","118","126"
"timing","5000","root-remove","raf_interval_ms","ms","20","20","50","100","116.70000000001164"
"timing","5000","root-remove","svg_mutation_observed","boolean","20","20","1","1","1"
"timing","5000","root-remove","svg_last_delivery_from_start_ms","ms","20","20","60.75000011920929","113.79999995231628","121.10000014305115"
"timing","5000","root-remove","post_sync_svg_delivery_ms","ms","20","20","60.449999928474426","113.5","120.79999995231628"
"timing","5000","layer-direct-add","operation_sync_ms","ms","20","20","0","0.10000014305114746","0.10000014305114746"
"timing","5000","layer-direct-add","operation_to_two_raf_ms","ms","20","20","65.5","83.29999995231628","117.30000019073486"
"timing","5000","layer-direct-add","raf_interval_ms","ms","20","20","50","66.70000000001164","100"
"timing","5000","layer-direct-add","svg_mutation_observed","boolean","20","20","1","1","1"
"timing","5000","layer-direct-add","svg_last_delivery_from_start_ms","ms","20","20","61.299999952316284","78.39999985694885","110.80000019073486"
"timing","5000","layer-direct-add","post_sync_svg_delivery_ms","ms","20","20","61.299999952316284","78.39999985694885","110.70000004768372"
"timing","5000","layer-direct-remove","operation_sync_ms","ms","20","20","0","0.10000014305114746","0.10000014305114746"
"timing","5000","layer-direct-remove","operation_to_two_raf_ms","ms","20","20","66.04999995231628","116.69999980926514","121.20000004768372"
"timing","5000","layer-direct-remove","raf_interval_ms","ms","20","20","50","99.89999999999418","100"
"timing","5000","layer-direct-remove","svg_mutation_observed","boolean","20","20","1","1","1"
"timing","5000","layer-direct-remove","svg_last_delivery_from_start_ms","ms","20","20","62.199999928474426","111.89999985694885","115.09999990463257"
"timing","5000","layer-direct-remove","post_sync_svg_delivery_ms","ms","20","20","62.14999997615814","111.89999985694885","115.09999990463257"
"timing","5000","load","load_call_sync_ms","ms","20","20","99.65000009536743","118.5","142.40000009536743"
"timing","5000","load","load_promise_ms","ms","20","20","123.10000002384186","147.10000014305115","174.90000009536743"
"timing","5000","load","operation_to_two_raf_ms","ms","20","20","227.45000004768372","303.2000000476837","350.90000009536743"
"timing","5000","load","raf_interval_ms","ms","20","20","83.30000000001746","116.69999999998254","166.70000000001164"
"timing","5000","load","svg_mutation_observed","boolean","20","20","1","1","1"
"timing","5000","load","svg_last_delivery_from_start_ms","ms","20","20","179.95000004768372","247.90000009536743","257.40000009536743"
"timing","5000","load","post_sync_svg_delivery_ms","ms","20","20","79.90000009536743","110.5","158.09999990463257"
"timing","5000","pan","raf_interval_ms","ms","480","20","16.699999999982538","16.79999999998836","50"
"timing","5000","pan","camera_api_sync_ms","ms","480","20","0","0.09999990463256836","0.10000014305114746"
"timing","5000","pan","svg_last_delivery_from_start_ms","ms","480","20","16.699999809265137","17.59999990463257","46.40000009536743"
"timing","5000","pan","post_sync_svg_delivery_ms","ms","480","20","16.699999809265137","17.59999990463257","46.40000009536743"
"timing","5000","zoom","raf_interval_ms","ms","480","20","16.70000000001164","33.39999999999418","166.69999999998254"
"timing","5000","zoom","camera_api_sync_ms","ms","480","20","0","0.09999990463256836","0.20000004768371582"
"timing","5000","zoom","svg_last_delivery_from_start_ms","ms","480","20","21.699999928474426","32.39999985694885","156.40000009536743"
"timing","5000","zoom","post_sync_svg_delivery_ms","ms","480","20","21.699999928474426","32.39999985694885","156.40000009536743"
